SNP,MAP01797756,MAP05522533,MAP07265221,MAP21362537,MAP24073245,MAP24680888,MAP25939172,MAP26631069,MAP29629849,MAP30663686,MAP31504924,MAP33332646,MAP33501827,MAP35458631,MAP38606123,MAP39405962,MAP40510997,MAP41265021,MAP44019405,MAP44299049,MAP45514725,MAP47520485,MAP50102790,MAP50103679,MAP50106442,MAP50108462,MAP50108912,MAP50304024,MAP50304998,MAP50400259,MAP50401390,MAP50406633,MAP50409956,MAP51864085,MAP51903261,MAP53355949,MAP58458351,MAP62985554,MAP63188799,MAP70153803,MAP70636113,MAP73177635,MAP75990666,MAP76755449,MAP77631046,MAP78452313,MAP85328131,MAP85980779,MAP86177506,MAP92023910,MAP98096223,MAP98388248,MAP99110004,ROS10221262,ROS10415168,ROS10686233,ROS10488101,ROS11240247,ROS11259428,ROS11233086,ROS20537160,ROS20551582,ROS20535564,ROS20371236,ROS20300213,ROS20732429,ROS20923002,ROS20911508,ROS20331760,ROS20248206,ROS10298957,ROS20634274,ROS20925996,ROS20973890,ROS21125782,ROS97929179,ROS20959216,ROS21160753,ROS20819999,ROS20794261,ROS10866165,ROS21175732,ROS10248033,ROS11392518,ROS11390174,ROS11371707,ROS10102206,ROS20447343,ROS20208992,ROS20109020,ROS20173942,ROS95939725,ROS11475462,ROS11619606,ROS10101589,ROS20892128,ROS20898476,ROS21171080,ROS20297403,ROS20964295,ROS20947550,ROS20966927,ROS15707133,ROS15141429,ROS20160019,ROS11159965,ROS20120255,ROS20170179,ROS20191566,ROS20202806,ROS20223617,ROS20139562,ROS21135554,MAP96892753,MAP59150662,MAP15286377,MAP85171938,MAP15387421,MAP42988567,MAP27481601,MAP40611041,MAP74753465,MAP83001827,MAP50402305,MAP57978468,MAP55820335,MAP36751041,MAP42949394,MAP47315778,MAP50104396,MAP68725248,MAP76733461,MAP69577198,MAP70669392,MAP57597479,MAP16513683,MAP30819298,MAP97264179,MAP62301938,MAP50302392,MAP83984043,MAP50402693,MAP72205714,MAP39800111,MAP39393581,MAP23791808,MAP60961592,MAP75862131,MAP76867532,MAP84417209,MAP50106866,MAP18455382,MAP82325110,MAP51650969,MAP22865387,MAP97130008,MAP39136480,MAP58199939,MAP81874628,MAP51442191,MAP46547648,MAP68778359,MAP50402729,MAP45984063,MAP50108048,MAP50407486,MAP90977195,ROS20254452,ROS21401001,ROS59371363,ROS20380831,ROS20935218,ROS20207437,ROS21406920,ROS11349821,ROS20261901,ROS21135680,ROS21406768,ROS10216869,ROS20204114,ROS21123474,ROS30544882,ROS21293107,ROS20972759,ROS10101039,ROS10484873,ROS20124619,ROS20153010,ROS20283691,ROS20501668,ROS20594407,ROS20674902,ROS21000928,ROS21001357
rs7539455,0,1,1,0,1,0,1,0,0,1,0,0,0,2,0,0,0,0,2,0,0,1,1,0,0,1,0,1,0,1,0,1,1,0,0,1,1,0,0,1,0,0,1,0,1,1,0,1,0,0,0,0,0,1,0,1,0,0,0,1,1,0,0,0,0,1,0,0,0,0,0,0,1,1,1,0,0,2,0,0,0,0,0,1,0,0,0,0,1,1,0,0,1,0,0,0,0,1,0,1,0,0,2,0,1,0,1,1,0,0,2,2,1,0,0,0,0,0,0,1,1,0,0,0,1,0,1,1,1,1,1,0,0,1,2,0,2,1,0,2,0,1,0,1,1,0,0,0,1,0,0,0,0,0,0,1,2,0,0,1,0,0,1,1,0,2,0,0,0,0,1,1,0,1,2,1,1,0,0,1,1,0,0,0,0,1,2,0,2,1,1,1,1,2
rs6687381,1,0,0,1,0,2,1,2,2,1,0,1,1,0,1,2,1,2,0,1,1,1,1,1,1,1,1,1,0,0,1,0,0,2,1,0,1,2,1,1,0,1,1,1,0,0,1,0,2,1,1,2,1,0,1,1,2,1,1,1,1,1,1,1,1,1,1,0,2,0,1,1,1,1,0,2,1,0,2,2,1,1,1,0,0,0,1,1,0,1,0,0,0,0,0,1,0,1,0,1,0,0,0,0,1,1,1,0,1,2,0,0,0,1,2,0,1,1,2,1,1,0,1,1,0,2,0,1,1,1,1,1,1,0,0,0,0,1,0,1,1,1,0,1,1,1,1,2,1,1,1,0,1,2,2,1,0,2,2,0,1,1,1,0,0,0,1,0,1,1,0,1,1,1,0,0,1,1,1,1,0,1,1,2,0,0,0,0,0,0,0,1,0,0
rs4846028,0,0,1,1,0,0,1,0,0,0,1,1,0,0,0,0,0,1,1,1,0,0,0,0,1,0,1,1,0,0,1,0,0,0,0,0,1,0,1,1,1,1,1,0,0,0,0,0,0,1,1,0,0,1,0,1,0,0,0,1,0,1,1,2,1,1,0,1,1,1,0,0,1,0,0,0,1,0,0,0,0,0,1,0,1,0,0,0,1,1,0,0,1,1,0,1,0,0,1,0,1,0,0,1,0,1,0,1,0,1,1,0,0,0,1,1,1,1,0,0,2,0,0,1,1,0,0,0,1,1,0,0,0,1,2,1,1,2,0,0,0,1,1,0,1,0,0,1,0,0,0,0,1,2,1,0,0,0,0,1,0,0,0,0,0,0,0,1,0,0,1,0,0,0,0,0,1,1,2,1,1,1,0,1,1,0,1,2,1,0,0,0,1,2
rs12095517,1,1,0,0,1,0,0,0,0,1,2,1,1,0,0,0,2,0,1,0,0,0,2,1,1,1,1,1,1,1,1,1,2,0,1,1,0,1,1,0,1,1,0,2,0,0,1,1,1,0,0,0,0,1,1,1,0,1,2,0,1,2,0,2,0,0,1,1,0,0,0,1,0,1,0,0,0,1,1,1,1,1,2,0,0,2,0,0,2,0,2,2,1,1,1,1,1,1,1,1,1,1,2,0,0,0,0,0,0,1,1,0,1,0,0,1,0,1,0,0,0,2,0,0,1,0,0,2,1,1,1,2,0,1,1,2,0,1,1,1,0,1,1,0,2,1,2,1,1,0,0,1,1,1,1,0,1,1,0,1,1,1,0,1,0,0,2,1,1,0,1,0,1,0,1,1,0,1,1,2,2,1,1,0,1,1,1,1,0,1,0,0,1,0
rs4073574,0,0,0,0,1,0,0,1,1,1,1,2,1,0,1,2,1,2,1,1,2,0,0,2,1,1,0,2,0,2,0,0,0,1,2,2,1,1,2,2,1,0,1,0,1,1,0,2,1,0,0,0,1,1,1,0,0,1,1,0,1,0,1,1,1,1,1,1,0,2,1,0,1,1,0,0,0,1,0,0,0,1,0,1,0,1,0,2,0,1,0,1,1,1,1,1,2,2,1,0,1,1,2,1,1,1,1,0,1,0,2,1,1,0,1,0,1,0,1,1,2,1,1,1,0,1,0,0,1,0,0,0,0,0,1,1,0,0,2,1,1,0,0,0,2,0,0,1,1,1,0,2,0,1,0,1,1,0,0,1,0,1,2,0,1,0,1,0,1,2,0,0,1,0,2,1,1,1,1,1,2,1,1,1,1,0,2,0,0,2,1,1,0,0
rs4845875,1,1,0,0,2,1,0,0,1,2,1,1,2,0,2,0,0,2,0,1,1,0,1,1,0,1,0,0,2,1,0,2,1,1,1,0,1,0,1,0,0,2,1,2,1,1,0,1,0,1,0,0,1,2,1,0,0,0,0,1,0,1,1,0,0,2,1,2,1,0,0,0,0,1,1,1,1,1,0,1,1,1,0,1,2,1,1,1,0,1,0,1,2,0,2,0,1,1,0,0,1,1,0,0,0,1,1,0,1,1,2,0,0,0,0,1,1,0,1,0,2,2,1,1,0,0,0,1,1,0,0,0,0,0,0,0,0,0,0,0,2,0,1,0,1,1,2,1,0,2,0,0,0,0,0,1,1,1,1,1,1,1,2,1,1,1,0,1,1,1,1,0,1,1,0,1,1,0,0,0,0,2,1,0,0,0,0,0,1,0,2,0,2,0
rs4845877,1,1,0,0,2,1,0,0,1,2,1,1,1,0,2,0,0,2,0,1,1,0,0,1,0,1,0,0,1,1,0,1,1,1,1,0,1,0,1,1,0,2,2,1,1,1,0,1,0,1,0,0,1,2,1,0,0,0,0,1,0,1,1,0,0,2,1,2,0,0,0,0,0,1,1,0,1,1,0,1,1,1,0,2,2,1,1,1,0,1,0,2,2,0,2,0,1,1,0,0,1,1,0,0,0,1,1,0,1,1,2,0,0,0,0,1,1,0,0,0,2,2,1,1,0,0,0,1,1,0,0,0,0,0,0,0,0,0,0,0,2,0,1,0,1,1,2,0,0,2,0,0,0,0,0,1,1,1,1,1,1,1,1,1,1,1,0,1,1,1,1,0,1,1,0,1,1,0,1,0,0,2,1,1,0,0,0,0,1,0,2,0,2,0
rs4845881,1,1,0,0,1,0,0,0,1,2,1,1,0,0,1,0,0,1,0,1,1,0,0,1,0,1,0,0,1,1,0,0,1,1,0,1,1,0,1,1,0,2,1,2,1,1,1,0,1,1,0,0,1,1,1,0,1,0,0,1,0,1,1,0,1,2,1,2,0,0,0,0,0,1,1,0,1,1,0,1,1,1,1,2,2,1,2,1,0,1,0,1,2,1,2,1,2,1,0,0,1,1,0,1,0,1,1,0,0,2,2,0,0,0,0,1,2,0,0,0,2,2,1,1,0,0,0,1,1,0,0,0,0,0,0,0,0,0,1,0,2,0,1,0,1,1,2,0,0,2,1,0,0,0,0,1,1,0,1,1,1,1,1,1,1,2,0,1,0,0,2,0,0,1,0,1,1,1,1,0,0,2,0,1,0,0,0,1,1,0,2,0,2,0
rs4846048,1,1,0,0,1,0,0,0,1,2,1,1,0,0,1,0,0,1,0,1,1,0,0,1,0,1,0,0,1,1,0,0,1,2,0,0,1,0,1,0,0,2,0,2,1,1,0,0,0,1,0,0,1,1,1,0,0,0,1,1,0,1,1,0,0,2,2,2,0,0,0,1,0,1,1,0,1,1,0,1,1,1,1,2,2,1,1,1,0,2,0,0,2,0,2,0,1,1,0,0,1,1,0,0,0,2,1,0,0,1,2,0,0,0,0,1,1,0,0,0,2,2,1,1,0,0,0,1,1,0,0,0,0,0,1,0,0,0,0,0,2,0,2,0,1,1,2,0,0,2,1,0,0,0,0,1,1,0,1,1,1,1,1,1,1,1,0,1,0,0,1,0,0,1,0,1,1,0,0,0,0,2,0,0,0,0,0,0,1,0,2,0,2,0
rs6541003,1,1,0,1,2,1,0,0,2,2,1,1,1,0,2,0,0,2,0,1,1,0,0,1,0,1,0,0,1,1,0,1,1,1,1,1,1,0,2,1,0,2,2,2,1,1,1,1,1,1,0,0,1,2,0,0,1,0,0,1,0,1,1,0,1,2,2,2,0,0,0,0,0,1,1,0,1,1,0,2,1,1,1,2,2,1,2,1,0,2,0,2,2,1,2,1,2,1,0,0,1,1,0,1,0,1,1,0,1,2,2,0,0,0,0,1,2,0,0,0,2,2,1,1,0,0,0,1,1,0,1,0,0,0,1,0,0,0,1,0,2,0,1,0,1,1,2,1,0,2,1,0,0,0,0,1,1,2,1,1,2,1,1,1,1,2,0,1,1,1,2,0,1,1,0,1,1,1,1,0,0,2,1,1,0,0,0,1,1,0,2,0,2,0
rs2671272,0,0,0,0,0,0,1,1,1,1,0,1,0,1,0,2,1,1,0,0,2,1,1,0,1,0,1,0,0,0,0,0,0,1,0,0,2,0,1,0,0,0,0,1,0,0,0,0,1,0,0,1,1,0,0,0,1,0,0,1,0,0,0,0,0,0,0,1,0,0,0,0,1,0,1,0,0,0,0,0,0,0,0,1,0,1,0,1,1,0,1,1,1,1,1,1,0,0,1,1,1,1,1,1,0,1,1,1,0,0,0,0,0,0,0,1,0,1,1,2,1,0,0,1,1,1,0,0,0,0,0,0,1,2,0,0,1,2,0,1,0,0,0,1,0,0,1,1,1,0,0,1,1,0,0,0,2,0,0,0,0,0,1,2,1,0,0,0,0,0,1,1,0,2,0,0,0,1,0,0,1,1,1,0,0,0,1,0,0,0,1,1,0,0
rs2740170,1,0,0,0,0,0,0,2,0,0,1,1,0,1,0,2,1,1,1,0,1,0,0,0,0,0,0,0,0,0,0,0,0,0,0,0,1,0,1,1,0,0,0,1,0,0,1,1,0,1,1,1,1,0,0,0,0,1,1,1,0,0,2,0,0,0,0,1,0,0,1,1,0,0,0,2,0,0,0,0,0,1,0,2,0,1,0,1,0,0,0,0,0,1,0,0,0,0,1,1,0,0,0,1,1,0,0,0,1,1,1,1,0,1,0,0,1,0,1,2,0,0,1,0,0,0,0,0,1,0,0,0,2,2,0,0,1,2,0,0,0,0,0,2,0,0,0,0,1,1,0,1,1,0,0,0,0,1,0,0,0,1,0,0,1,1,1,0,0,0,0,1,0,1,0,0,0,0,0,1,1,1,0,1,0,0,0,0,0,1,2,1,0,1
rs360097,0,1,1,0,1,0,1,0,1,1,1,0,1,0,0,0,0,0,0,2,1,2,2,0,1,1,1,0,1,1,1,0,1,1,1,0,1,0,0,1,0,1,0,1,0,2,1,0,2,1,0,1,1,1,1,0,0,0,1,0,0,0,0,1,1,1,1,1,0,0,0,0,1,1,0,0,0,0,0,1,1,0,1,0,0,0,0,0,0,2,2,1,1,1,1,2,0,2,0,1,0,2,1,0,1,2,2,0,0,0,1,0,1,0,0,1,0,2,0,0,1,1,1,1,0,2,0,0,1,1,2,2,0,0,1,1,1,0,1,0,2,0,1,0,2,1,1,2,1,1,1,0,1,0,2,0,1,1,1,0,0,0,1,2,0,0,0,1,1,1,1,0,1,1,1,0,0,0,0,1,1,0,1,1,1,1,1,0,0,0,0,1,1,0
rs360102,0,1,1,0,1,0,1,0,1,1,1,0,1,0,0,0,0,0,0,2,1,2,2,0,1,1,1,1,1,1,1,0,1,1,1,0,1,0,1,1,0,1,0,1,0,2,1,0,2,1,0,1,1,1,1,1,1,0,1,0,1,1,0,1,1,1,1,1,0,1,0,0,1,2,0,0,0,0,1,1,1,0,1,0,1,0,0,0,0,2,2,1,1,1,1,2,0,2,0,1,0,2,1,0,1,2,2,0,0,0,1,0,1,0,1,1,0,2,0,0,1,1,1,1,0,2,0,0,1,1,2,2,0,0,1,1,1,0,1,0,2,0,1,0,2,1,1,2,1,1,1,0,1,0,2,1,1,1,1,0,1,0,1,2,0,0,1,1,1,1,1,0,2,1,2,0,0,0,1,1,1,0,1,0,2,1,1,0,0,0,0,1,1,0
rs10915924,2,1,0,1,1,1,1,2,1,0,1,1,0,1,0,1,1,0,2,1,0,1,1,2,1,0,1,0,0,0,2,0,1,0,0,0,0,0,1,2,0,1,1,0,1,1,1,1,0,0,1,0,0,1,2,1,1,1,1,1,0,1,1,1,1,1,0,1,1,1,1,0,1,2,1,1,1,1,1,1,1,0,1,1,1,0,0,0,1,1,1,0,0,0,0,1,1,2,0,0,0,1,1,0,0,2,0,0,1,1,1,1,2,2,0,0,1,0,1,0,0,1,1,1,1,1,1,1,1,2,2,1,1,1,0,2,2,0,0,0,1,1,2,1,0,1,2,2,2,2,1,0,0,0,0,1,1,0,2,0,1,0,0,0,1,1,2,2,0,2,0,0,1,2,2,0,0,1,0,0,0,0,1,0,1,0,1,1,0,1,2,1,0,0
rs6701318,2,1,0,1,1,1,1,2,1,0,1,1,0,1,0,1,1,0,2,1,0,1,1,2,1,0,1,0,0,0,2,0,1,0,0,0,0,0,1,2,0,1,1,0,1,1,1,1,0,0,1,0,0,1,2,1,1,1,1,1,0,1,1,1,1,1,0,1,1,1,1,0,1,2,1,1,1,1,1,1,1,0,1,1,1,0,0,0,1,1,1,0,0,0,0,1,1,2,0,0,0,1,1,0,0,2,0,0,1,1,1,1,2,2,0,0,1,0,1,0,0,1,1,1,1,1,1,1,1,2,2,1,1,1,0,2,2,0,0,0,1,1,2,1,0,1,2,2,2,2,1,0,0,0,0,1,1,0,2,0,1,0,0,0,1,1,2,2,0,2,0,0,1,2,2,0,0,1,0,0,0,0,1,0,1,0,1,1,0,1,2,1,0,0
rs10915958,2,0,1,1,1,1,1,0,0,0,0,0,0,1,0,0,0,2,0,0,1,2,1,0,0,0,0,2,1,1,0,0,0,0,2,1,0,0,1,1,0,1,0,1,0,0,0,2,1,1,0,0,0,2,0,1,1,1,2,0,0,1,1,0,1,0,0,0,2,0,0,0,1,1,0,1,0,2,0,1,0,0,1,2,1,1,0,1,0,2,1,1,1,0,0,1,1,1,2,0,1,1,1,0,2,1,1,1,1,1,0,0,1,1,0,0,1,0,1,1,0,1,1,1,2,0,1,1,1,2,1,0,0,0,1,0,2,2,1,0,1,1,1,1,0,0,1,1,2,1,0,1,0,0,0,1,1,2,2,0,1,0,2,0,0,1,0,1,1,1,0,2,0,0,0,0,0,1,0,0,0,0,1,1,1,0,0,1,0,0,2,0,0,2
rs3008192,0,2,0,1,0,1,1,1,1,0,1,1,1,1,1,2,0,0,1,2,1,0,1,1,0,0,0,1,1,0,1,2,2,1,0,0,0,1,0,1,2,0,2,0,2,2,1,0,1,0,1,2,1,0,0,1,0,1,0,1,1,0,1,2,1,1,2,1,0,0,2,2,0,0,1,0,1,0,1,0,0,2,0,0,0,0,1,0,1,0,2,1,1,2,1,1,0,0,1,2,1,0,1,0,0,1,1,1,1,0,2,1,1,1,1,1,1,0,0,0,0,0,1,1,0,1,1,1,1,0,1,2,1,0,0,1,0,0,0,1,1,0,1,1,2,1,0,1,1,1,1,1,1,2,2,0,0,0,0,1,0,1,0,2,2,1,1,0,0,1,2,1,1,0,2,1,1,0,1,1,2,1,0,1,0,2,1,0,1,2,0,1,1,1
rs7555638,0,0,1,2,1,0,2,1,2,1,0,1,0,1,2,0,0,2,1,0,1,0,0,0,1,0,1,2,1,1,1,1,1,0,1,1,1,0,0,0,1,0,0,1,2,1,1,0,1,1,0,0,0,1,0,0,0,1,1,0,1,1,2,1,0,1,0,1,1,1,1,1,0,0,1,0,0,1,1,0,0,1,0,0,1,1,1,0,1,1,1,1,1,0,1,1,0,0,2,0,0,0,0,1,0,0,1,1,0,1,1,0,0,2,0,1,1,1,1,0,0,0,1,0,1,2,2,0,0,0,0,1,0,0,1,0,0,1,1,0,0,2,0,0,0,0,0,2,0,1,1,2,1,2,0,1,1,1,0,0,0,0,1,1,1,0,0,1,1,0,1,0,1,1,0,0,0,0,0,2,1,0,1,0,1,1,2,0,1,1,2,1,1,2
rs2793289,2,1,0,0,1,0,0,0,1,0,1,1,1,1,0,1,0,0,0,1,0,1,0,1,0,1,0,0,0,0,1,1,0,1,1,1,0,1,0,0,2,0,1,0,0,0,0,1,0,2,1,1,1,0,0,1,1,1,0,0,0,0,0,0,0,1,2,0,1,0,1,1,0,1,1,1,0,1,0,1,1,0,2,1,0,2,1,0,0,1,1,1,1,1,1,0,1,1,0,1,0,0,1,1,0,2,0,1,1,0,0,0,0,0,0,1,0,0,0,1,0,1,0,0,0,0,0,0,1,0,0,1,0,1,0,1,0,1,0,1,0,0,1,1,1,0,2,0,1,1,0,0,1,0,1,0,0,0,0,0,1,0,0,0,0,1,0,1,0,1,0,0,0,0,0,0,2,1,0,1,0,1,0,1,1,0,0,1,1,0,0,0,0,0
rs1778541,0,0,0,0,0,1,0,0,0,0,0,0,1,0,0,1,0,0,0,0,0,1,0,1,0,1,0,0,0,0,0,0,0,0,0,0,0,1,0,0,0,0,0,0,0,0,0,0,0,1,1,0,0,0,0,0,0,0,0,0,0,0,0,0,0,0,0,0,1,0,0,1,0,0,0,0,0,0,0,1,0,0,0,0,0,1,1,0,0,0,0,1,0,0,0,0,1,0,0,1,0,0,1,0,0,1,0,0,0,0,0,0,0,0,0,0,0,0,0,1,0,0,0,0,0,0,0,0,0,0,0,0,0,0,0,0,0,0,0,0,0,0,0,0,0,0,1,0,0,0,0,0,1,0,1,0,0,0,0,0,0,0,0,0,0,0,0,1,0,0,0,0,0,0,0,0,1,0,0,0,0,1,0,1,0,0,0,0,0,0,0,0,0,0
rs4922511,0,0,0,0,0,0,0,0,1,0,0,0,1,0,0,0,0,1,0,0,1,1,0,0,0,0,0,0,0,0,0,0,0,0,0,0,0,0,0,1,0,1,0,0,0,0,0,0,0,0,0,0,1,0,0,0,0,1,0,1,0,0,0,0,0,0,1,0,0,0,0,0,1,1,0,0,1,0,0,0,0,0,0,1,1,1,1,0,0,1,0,0,0,0,0,1,1,0,0,1,0,0,1,1,0,0,0,0,0,0,0,0,0,0,0,1,0,0,0,1,0,1,0,0,0,1,0,0,0,0,0,1,0,0,1,0,0,0,0,0,1,0,0,0,1,0,0,0,0,0,0,0,0,0,1,0,0,1,0,0,0,0,0,0,0,0,0,0,0,1,0,0,0,1,0,0,1,0,0,0,0,0,1,0,1,0,0,0,1,0,0,0,0,1
rs7093975,0,0,1,1,1,0,0,0,1,1,1,1,0,0,1,0,0,2,2,0,1,1,0,0,1,0,1,2,0,0,0,0,1,0,0,0,0,0,2,0,1,1,1,0,0,0,0,1,0,1,1,0,0,0,0,0,1,0,1,2,0,0,1,2,0,0,2,0,0,0,1,0,0,1,0,0,1,0,2,0,1,1,1,1,2,0,2,1,0,2,0,0,0,1,0,1,0,0,0,1,0,0,2,0,2,1,1,0,0,0,0,1,2,0,0,0,0,0,1,1,0,0,0,0,2,1,0,1,0,0,1,2,0,0,0,1,0,1,2,0,1,0,0,1,1,1,0,1,0,1,1,1,0,1,1,0,0,0,1,0,1,0,1,0,0,0,0,0,0,2,0,0,0,0,0,0,1,1,0,0,1,0,0,0,1,1,1,0,0,2,0,0,0,2
rs2853838,0,1,1,0,1,0,0,0,1,1,1,1,0,0,1,0,0,2,1,0,1,1,0,0,1,0,1,0,0,0,0,0,1,0,0,0,0,0,2,0,1,1,0,0,0,0,0,1,0,0,1,0,0,0,0,0,1,0,1,2,0,0,1,1,0,0,1,0,0,0,0,0,0,1,0,0,1,0,1,0,1,1,1,1,2,0,2,0,0,1,0,0,0,1,0,0,0,0,0,1,0,0,1,0,1,1,1,0,0,0,0,1,2,0,0,0,0,0,1,0,0,0,0,0,2,1,0,0,0,0,0,2,0,0,0,1,0,1,1,0,1,0,0,0,1,0,0,1,0,1,1,1,0,1,1,0,0,0,1,0,1,0,1,0,0,0,0,0,0,2,0,0,0,0,0,0,1,1,0,0,1,0,0,0,1,1,1,0,0,1,0,0,0,2
rs2853840,0,1,1,1,1,1,1,0,1,1,1,2,0,0,2,0,0,2,1,0,1,1,0,1,1,0,1,2,0,0,0,0,1,1,0,1,0,0,2,1,1,1,1,0,0,0,0,1,0,1,1,0,0,0,0,0,1,0,2,2,0,0,2,2,0,0,2,0,0,0,1,0,0,2,0,1,2,0,2,0,1,1,1,1,2,0,2,1,0,2,0,0,1,1,0,0,0,1,0,0,0,1,1,1,1,0,1,0,0,1,0,1,2,0,0,1,1,0,1,0,0,0,0,1,2,1,0,1,0,0,1,1,0,0,0,1,0,1,1,0,1,0,0,2,1,1,0,1,0,1,1,1,1,2,1,0,0,1,1,0,1,0,1,1,1,0,0,1,0,2,0,1,0,1,0,0,1,1,0,0,1,0,0,2,1,1,1,1,0,2,0,1,1,2
rs878263,0,1,1,0,0,1,0,1,0,0,0,0,1,0,2,1,1,0,1,1,1,1,1,0,1,1,0,1,2,0,2,1,0,1,1,1,1,1,0,1,1,0,0,1,0,1,0,1,2,1,0,1,0,1,0,0,0,1,0,1,1,1,1,0,1,2,0,1,1,1,0,0,1,1,1,0,0,1,0,0,1,1,0,1,1,1,1,0,0,1,0,1,0,1,1,0,0,2,2,2,2,1,0,1,0,1,1,0,0,1,1,0,0,1,0,1,1,0,1,1,1,1,1,1,1,1,0,0,1,2,0,1,2,1,0,1,1,1,0,1,1,0,0,0,0,1,0,1,2,1,0,2,0,1,1,1,1,1,0,1,2,0,0,1,0,0,0,1,1,1,1,2,1,1,0,1,1,1,0,1,1,1,2,0,2,1,0,0,2,1,1,1,0,2
rs12414155,0,1,0,0,0,1,0,1,0,0,0,0,1,0,2,1,1,0,1,1,0,1,1,0,1,1,0,2,2,0,2,2,0,1,0,1,1,1,0,1,1,0,0,1,0,1,0,1,2,1,1,1,0,1,0,0,0,1,0,0,1,0,0,0,1,2,0,0,1,0,0,0,1,1,1,0,0,1,0,0,0,1,0,2,0,1,0,1,0,1,0,1,0,1,1,0,0,2,2,2,1,0,0,1,0,1,1,0,1,0,1,0,0,1,0,1,1,0,0,1,1,1,1,1,0,1,0,0,1,1,0,1,2,1,0,1,1,1,0,0,0,0,0,0,0,1,1,1,2,1,0,2,0,1,1,1,1,1,0,1,1,0,0,1,0,0,0,1,1,0,1,2,0,1,0,1,1,1,0,1,0,0,2,0,2,1,0,0,1,0,1,1,1,2
rs9421742,0,0,1,0,1,1,0,0,0,1,1,1,0,0,1,1,0,1,0,0,0,1,1,0,1,1,0,1,2,0,2,2,1,1,1,0,1,0,1,1,0,1,0,1,0,0,0,2,2,1,1,1,0,0,0,0,0,1,2,1,1,1,0,1,1,2,0,0,0,1,0,0,1,0,0,1,0,0,0,0,0,1,1,1,1,1,1,1,1,1,0,1,0,1,0,0,0,2,1,1,1,0,2,1,0,1,2,0,1,0,1,0,2,2,0,1,0,0,1,0,0,1,1,0,1,1,0,0,1,0,1,1,2,1,0,2,0,1,1,0,0,0,0,0,1,1,1,2,2,1,2,2,1,0,0,1,1,1,1,0,2,0,1,0,0,0,0,0,0,1,1,0,0,1,0,1,1,2,0,0,0,1,2,0,2,1,1,0,1,0,1,1,1,2
rs4075854,0,0,0,0,0,1,0,0,0,1,0,0,0,0,1,1,0,1,0,0,0,1,1,0,0,0,0,1,1,0,1,0,1,1,0,0,1,0,1,1,0,1,0,0,0,0,0,1,2,1,1,0,0,0,0,0,0,1,2,1,0,0,0,0,1,2,0,0,0,1,0,0,1,0,1,1,0,0,0,0,0,1,1,1,0,0,1,0,1,0,0,1,0,1,0,0,0,1,0,1,0,0,1,0,0,1,1,0,0,0,0,0,1,1,0,1,0,0,1,0,0,0,0,0,1,1,0,0,1,0,1,0,1,0,0,2,0,1,1,0,0,0,0,0,0,1,0,1,2,0,1,0,1,0,0,1,0,1,0,0,1,0,1,0,0,0,0,0,0,1,1,0,0,0,0,2,0,2,0,0,0,0,2,0,1,1,1,0,0,0,1,1,0,2
rs919479,0,0,0,0,2,0,0,2,1,1,0,0,0,0,0,1,1,0,0,2,0,0,0,1,0,0,0,1,0,1,1,0,1,1,0,2,0,1,2,0,1,2,0,1,0,0,1,1,1,0,0,0,1,1,1,0,0,0,0,0,2,0,0,1,0,1,0,1,1,1,1,1,0,0,1,0,0,0,0,0,0,0,1,0,0,0,2,2,0,1,0,0,0,1,0,0,0,0,1,0,0,0,1,0,0,1,0,2,0,1,0,0,0,0,1,1,0,1,1,0,0,1,0,0,0,1,0,1,2,0,0,0,0,2,1,0,1,0,1,0,1,1,1,1,0,0,1,2,1,0,1,0,0,2,0,0,2,1,0,0,0,1,0,0,0,1,0,0,0,0,0,0,0,0,1,0,1,0,0,0,0,1,0,0,0,1,1,0,1,0,0,0,0,1
rs2564872,0,0,0,0,2,0,0,2,1,1,0,0,0,0,0,1,1,0,0,2,0,0,0,1,0,0,0,1,0,2,1,0,1,1,0,2,0,1,2,0,1,2,0,1,0,0,1,1,1,0,0,0,1,1,1,0,0,0,0,0,2,0,0,1,0,1,0,2,1,1,1,1,0,0,1,0,0,0,0,0,0,0,1,0,0,0,2,2,0,1,1,0,0,1,0,0,0,0,1,0,0,0,1,0,0,1,0,2,0,1,0,0,0,0,1,1,0,1,1,0,0,1,0,1,0,1,0,1,2,0,0,0,0,2,1,0,1,0,1,0,1,1,1,1,0,0,1,2,1,0,1,0,0,2,0,0,2,1,0,0,0,1,0,0,0,1,0,0,0,0,0,0,0,0,1,0,1,0,0,0,0,1,0,0,0,1,1,0,1,0,0,0,0,1
rs2518369,0,0,0,0,2,0,0,2,1,1,0,0,0,0,0,1,1,0,0,2,0,0,0,1,0,0,0,1,0,1,1,0,1,1,0,2,0,1,2,0,1,2,0,1,0,0,1,1,1,0,0,0,1,1,1,0,0,0,0,0,2,0,0,1,0,1,0,1,1,1,1,1,0,0,1,0,0,0,0,0,0,0,1,0,0,0,2,2,0,1,0,0,0,1,0,0,0,0,1,0,0,0,1,0,0,1,0,2,0,1,0,0,0,0,1,1,0,1,1,0,0,0,0,0,0,1,0,1,2,0,0,0,0,2,1,0,1,0,1,0,1,1,1,1,0,0,1,2,1,0,1,0,0,2,0,0,2,1,0,0,0,1,0,0,0,1,0,0,0,0,0,0,0,0,1,0,1,0,0,0,0,1,0,0,0,1,1,0,1,0,0,0,0,1
rs2564881,0,0,0,0,2,0,0,2,1,1,0,0,0,0,0,1,1,0,0,2,0,0,0,1,0,0,0,1,0,1,1,0,1,1,0,2,0,1,2,0,1,2,0,1,0,0,1,1,1,0,0,0,1,1,1,0,0,0,0,0,2,0,0,1,0,1,0,1,1,1,1,1,0,0,1,0,0,0,0,0,0,0,1,0,0,0,2,2,0,1,0,0,0,1,0,0,0,0,1,0,0,0,1,0,0,1,0,2,0,1,0,0,0,0,1,1,0,1,1,0,0,0,0,0,0,1,0,1,2,0,0,0,0,2,1,0,1,0,1,0,1,1,1,1,0,0,1,2,1,0,1,0,0,2,0,0,2,1,0,0,0,1,0,0,0,1,0,0,0,0,0,0,0,0,1,0,1,0,0,0,0,1,0,0,0,1,1,0,1,0,0,0,0,1
rs4937257,0,0,0,1,2,0,0,1,1,0,0,0,0,0,0,1,0,1,0,1,0,0,1,1,1,0,0,1,0,1,0,1,1,0,0,2,1,1,1,1,0,2,0,1,0,0,1,1,0,0,1,0,0,1,0,0,1,0,0,0,1,0,0,0,0,1,1,1,1,1,1,1,1,0,1,0,0,0,0,0,0,0,1,0,0,0,2,0,0,1,0,0,1,1,0,0,0,0,0,1,1,1,1,0,0,1,0,1,0,0,0,0,1,0,1,1,0,0,1,0,0,1,0,1,0,2,1,0,2,0,0,0,0,2,1,0,1,0,0,0,0,1,0,0,0,1,0,2,1,0,1,0,1,2,0,0,0,1,1,0,0,1,0,1,1,0,0,0,1,0,0,1,1,0,1,0,0,0,0,0,1,2,0,0,1,1,0,0,1,0,0,0,0,0
rs3851179,0,2,1,1,0,1,1,1,0,0,1,1,0,1,0,1,1,0,1,0,0,1,1,0,0,0,1,1,0,1,1,1,1,1,2,2,1,0,0,2,1,2,2,1,1,1,0,0,0,2,1,2,0,0,2,2,0,1,1,2,0,0,2,2,1,1,2,0,0,0,1,0,0,1,0,0,1,0,1,0,0,1,0,1,0,0,1,0,1,1,1,1,2,0,1,0,0,0,2,1,0,1,1,2,0,1,0,1,1,0,0,1,1,1,0,1,0,1,1,0,0,1,1,1,0,1,0,0,0,1,1,0,1,0,1,2,2,2,1,0,0,1,0,0,0,0,0,0,0,0,0,1,1,1,2,0,0,1,1,2,0,2,1,0,0,0,2,1,1,1,0,0,1,1,0,0,0,2,0,0,0,1,1,0,0,1,0,0,1,0,0,0,0,0
rs3851182,0,0,1,0,0,0,1,0,1,0,1,0,0,1,1,0,0,1,0,0,0,0,0,1,0,0,0,0,0,0,0,0,0,0,0,0,1,0,0,1,0,0,1,0,0,0,0,0,0,0,0,0,1,0,0,1,1,0,0,0,0,0,0,0,1,1,0,0,0,0,0,0,0,0,0,0,0,1,1,1,2,0,0,0,0,2,0,0,0,0,0,0,1,0,0,0,0,0,0,0,0,0,0,0,0,0,0,1,0,1,0,1,0,0,0,1,0,0,0,0,1,0,1,0,0,1,0,0,0,0,0,0,1,0,0,0,0,0,0,1,0,0,0,0,0,1,1,0,1,0,0,0,0,1,0,0,0,0,0,0,1,0,0,0,0,0,0,1,0,0,0,1,0,0,0,0,0,0,0,0,0,0,0,0,1,0,1,0,0,0,0,0,0,0
rs10792839,0,0,0,0,0,0,1,0,1,1,2,0,2,1,1,0,0,1,1,1,2,0,0,2,0,0,1,1,1,0,0,0,1,1,0,0,1,0,1,1,0,0,1,0,0,1,0,1,0,1,2,0,1,1,1,1,2,0,0,1,1,0,0,0,1,1,0,0,0,0,0,0,1,0,0,0,0,0,1,1,1,1,1,0,0,2,0,0,1,1,0,1,1,0,0,1,0,0,1,1,0,0,0,1,0,1,0,1,0,2,0,1,1,0,1,0,1,0,0,0,2,0,1,0,1,1,0,0,0,1,0,1,1,0,0,0,0,0,0,1,0,0,0,0,0,1,1,0,1,0,1,0,1,2,0,0,1,0,0,0,2,0,0,0,0,0,0,1,0,0,0,1,0,0,0,0,1,0,0,1,0,0,0,0,1,0,1,0,1,1,1,0,0,1
rs2374721,0,0,0,0,0,0,1,0,1,1,2,0,2,1,1,0,0,1,1,1,2,0,0,2,0,0,1,1,1,0,0,0,1,1,0,0,1,0,1,1,0,0,1,0,0,1,0,1,0,1,2,0,1,0,1,1,2,1,0,1,1,0,0,0,1,1,0,0,0,0,0,0,1,0,0,0,0,0,1,1,1,1,1,1,0,2,0,0,1,1,0,1,1,0,0,1,0,0,1,1,0,0,0,1,0,1,0,1,0,2,0,1,1,0,1,0,1,0,0,0,2,0,1,0,1,1,0,0,0,1,0,1,1,0,0,0,0,0,0,1,0,0,0,0,0,1,1,0,1,0,1,0,1,2,0,0,1,0,0,0,2,0,0,0,0,0,0,1,0,0,0,1,0,0,0,0,1,0,0,1,0,0,0,0,1,0,1,0,1,1,1,0,0,1
rs10792845,0,0,0,0,0,0,1,0,1,0,2,0,0,1,1,0,0,0,1,0,0,0,0,1,0,0,0,1,1,0,0,0,0,0,0,0,1,0,0,1,0,0,1,0,0,1,0,0,0,0,2,0,1,0,1,1,2,1,0,1,0,0,0,0,1,1,0,0,0,0,0,0,0,0,0,0,0,0,1,1,1,0,0,1,0,2,0,0,1,0,0,1,1,0,0,0,0,0,0,0,0,0,0,0,0,0,0,1,0,1,0,1,0,0,0,0,1,0,0,0,2,0,1,0,0,1,0,0,0,1,0,0,1,0,0,0,0,0,0,1,0,0,0,0,0,1,1,0,1,0,0,0,1,1,0,0,0,0,0,0,2,0,0,0,0,0,0,1,0,0,0,1,0,0,0,0,0,0,0,1,0,0,0,0,1,0,1,0,1,0,0,0,0,0
rs10792847,0,0,1,1,0,2,1,2,0,1,0,1,2,0,0,1,2,2,1,1,2,0,1,1,1,2,2,0,0,2,0,1,1,1,2,1,1,1,1,0,2,1,1,0,2,0,0,1,1,1,0,1,1,1,1,0,0,1,1,0,1,1,1,2,1,0,1,2,1,1,0,0,2,1,0,1,1,0,0,1,1,1,1,1,1,0,0,1,1,2,1,0,1,2,1,2,1,2,2,2,0,1,1,2,0,2,1,0,1,1,0,0,1,2,1,1,0,1,1,2,0,2,0,2,2,1,1,1,1,1,1,1,0,0,0,1,2,1,1,1,1,0,2,1,0,0,0,1,1,0,1,2,0,1,1,2,1,0,2,0,0,0,0,1,1,0,1,0,1,1,1,0,1,1,1,2,2,2,0,0,1,0,0,1,1,1,1,1,1,1,1,2,1,1
rs292092,2,0,0,1,1,2,1,2,0,0,0,1,0,0,1,1,2,1,1,0,0,0,1,0,1,2,1,0,0,2,0,1,1,0,2,1,1,1,0,0,2,2,1,0,1,0,0,0,2,1,0,0,1,1,1,0,0,1,1,0,1,1,1,2,1,0,2,2,2,1,1,1,2,1,0,1,1,0,0,1,1,1,0,1,1,0,0,2,1,1,0,0,1,2,1,0,1,2,1,1,1,1,1,2,0,1,2,0,1,0,0,0,0,2,2,1,0,0,1,2,0,2,0,2,1,1,1,1,1,1,1,1,0,1,0,2,2,1,1,1,1,0,2,1,1,0,1,2,1,0,0,2,0,0,1,2,0,2,2,0,0,1,0,1,1,1,1,0,2,1,2,0,1,1,1,2,1,2,0,0,1,0,1,1,1,2,1,1,1,0,0,2,1,0
rs292109,2,0,0,1,1,2,1,2,0,0,0,1,0,1,1,1,2,1,1,0,0,0,1,0,1,2,1,0,0,2,0,1,1,0,2,2,1,1,0,0,2,2,1,0,1,0,0,0,2,1,0,0,1,1,1,0,0,1,1,0,1,1,1,2,0,0,1,2,2,1,1,1,2,1,0,1,1,0,0,1,1,1,0,1,1,1,0,2,1,1,0,0,1,2,1,0,1,2,1,1,1,1,1,2,0,1,2,0,1,0,0,0,1,2,2,0,0,1,1,2,0,2,0,2,1,2,1,1,1,1,1,1,0,1,1,2,2,2,1,1,1,0,2,1,1,0,2,2,2,0,0,2,0,0,1,2,0,2,2,1,0,0,0,1,1,1,1,0,1,1,2,0,1,1,1,2,1,2,1,0,1,0,1,1,1,2,1,0,1,0,0,2,1,0
rs7105671,2,0,0,1,1,2,1,1,0,0,0,1,0,1,1,1,2,1,1,0,0,0,1,0,1,2,1,0,0,2,0,1,1,0,2,2,0,1,0,0,1,2,1,0,1,0,0,0,2,1,0,0,0,1,1,0,0,1,1,0,1,1,1,2,0,0,1,2,1,1,1,1,2,1,0,1,0,0,0,0,1,1,0,1,0,1,0,2,1,1,0,0,1,2,1,0,1,2,1,1,1,1,0,1,0,1,1,0,1,0,0,0,1,2,2,0,0,1,1,1,0,2,0,2,0,2,1,0,1,1,0,1,0,1,2,2,1,2,1,1,0,0,1,0,1,0,2,2,2,0,0,2,0,0,1,2,0,2,2,1,0,0,0,0,1,1,1,0,0,1,2,0,1,1,0,1,1,2,1,0,0,0,1,1,1,2,0,0,1,0,0,1,1,0
rs7161071,0,1,0,2,0,0,0,0,0,1,1,1,0,0,0,0,1,0,0,1,0,0,1,0,0,0,0,0,0,1,1,0,1,0,1,0,0,0,0,1,0,0,1,0,1,0,0,0,1,0,1,1,1,0,0,0,1,0,1,0,0,0,0,1,0,0,0,0,1,0,0,0,2,1,1,1,0,0,0,0,0,0,0,0,0,0,1,0,1,0,1,0,0,0,0,2,0,0,1,1,1,0,2,0,0,0,0,0,0,0,0,0,1,1,0,0,1,0,0,0,0,1,0,1,1,0,0,0,0,0,0,0,0,0,0,0,0,1,1,0,0,0,0,0,1,0,0,0,0,1,0,0,0,1,0,0,1,1,1,0,0,1,0,1,0,1,1,0,0,0,0,0,1,0,0,0,1,0,0,1,0,0,1,0,0,0,0,1,0,0,0,1,0,0
rs4906445,1,0,0,0,0,2,1,0,1,1,1,0,0,1,0,2,0,0,0,1,1,1,1,0,1,0,0,0,1,2,1,0,1,0,1,0,0,1,0,1,1,1,0,0,0,0,0,1,1,0,1,0,0,1,0,1,0,2,2,0,1,1,0,1,0,0,1,0,0,0,0,0,0,0,1,1,2,0,0,1,0,1,0,0,1,0,2,0,0,2,1,0,2,0,0,0,1,1,1,1,0,0,1,1,0,2,1,1,1,1,1,1,1,1,1,0,0,1,0,1,0,0,1,0,1,0,1,2,0,0,1,1,0,2,0,0,2,2,1,1,0,2,0,1,1,0,1,0,1,1,1,0,1,1,1,0,0,0,0,0,1,0,0,1,1,2,1,1,0,1,1,0,1,1,0,1,1,0,0,1,0,0,0,0,1,0,0,2,0,1,0,0,0,1
rs11160804,1,0,0,0,0,2,1,0,1,1,1,0,0,1,0,2,0,0,0,1,1,1,1,1,1,0,0,0,1,2,1,0,1,0,1,0,0,1,0,1,1,1,0,0,0,1,0,1,1,0,1,0,0,1,0,1,0,2,2,0,1,1,0,1,0,0,1,0,0,0,0,0,0,0,1,1,2,0,0,1,0,1,0,0,1,0,2,0,0,1,1,0,2,0,0,0,1,1,1,1,0,0,1,1,0,2,1,1,1,1,1,1,1,1,1,0,0,1,0,1,0,0,1,0,1,0,1,2,0,0,1,1,1,2,0,0,2,2,1,1,0,2,0,1,1,0,1,0,1,1,1,0,1,1,1,0,0,0,0,0,1,0,0,1,1,2,1,1,0,1,1,0,1,1,0,1,1,0,0,1,0,0,0,0,1,0,0,2,0,1,0,0,0,1
rs417968,0,1,0,0,0,0,1,0,0,1,1,0,1,1,0,0,0,0,0,0,0,1,1,0,0,1,0,1,0,0,0,2,1,0,1,0,0,0,0,0,1,1,0,0,1,0,1,1,0,1,0,2,2,1,1,1,1,0,1,1,1,1,0,0,0,0,0,1,0,1,0,0,0,1,1,1,0,1,0,1,0,0,0,1,1,0,2,0,0,0,0,2,0,0,1,0,0,0,1,0,1,0,1,0,1,0,2,0,0,0,0,0,1,1,1,1,0,1,0,0,0,1,0,1,0,1,0,1,0,0,1,0,0,0,2,2,1,0,1,1,0,1,0,1,0,0,2,0,0,0,0,0,0,0,0,1,1,0,1,0,1,0,0,0,0,0,0,0,0,1,1,0,0,1,1,1,0,0,1,0,0,1,1,0,0,1,0,0,0,0,1,0,1,1
rs1635291,0,1,0,0,0,0,1,0,0,1,1,0,1,1,0,0,0,0,0,0,0,1,1,0,0,1,0,1,0,0,0,2,1,0,1,0,0,0,0,0,1,1,0,0,1,0,1,1,0,1,0,2,2,1,1,1,1,0,1,1,1,1,0,0,0,0,0,1,0,1,0,0,0,1,1,1,0,1,0,1,0,0,0,1,1,0,2,0,0,0,0,1,0,0,1,0,0,0,1,0,1,0,0,0,1,0,2,0,0,0,0,0,1,1,1,1,0,1,0,0,0,1,0,1,0,1,0,1,0,0,1,0,0,0,2,2,1,0,1,1,0,1,0,1,0,0,2,0,0,0,0,0,0,0,0,1,1,0,1,0,1,0,0,0,0,0,0,0,0,1,1,0,0,1,1,1,0,0,1,0,0,1,1,0,0,1,0,0,0,0,1,0,1,1
rs7224296,0,1,0,0,0,0,1,0,0,1,1,1,0,1,0,0,0,2,0,0,0,1,1,1,0,1,0,1,0,0,0,2,1,0,1,0,0,0,1,0,1,1,0,0,1,0,1,1,0,1,0,2,1,0,1,1,1,0,1,2,1,1,0,0,0,0,0,1,0,1,0,0,0,0,1,1,0,1,0,1,0,0,0,1,1,0,2,0,0,0,0,1,0,0,1,0,0,0,1,0,1,0,0,0,1,0,2,1,0,0,0,0,1,1,1,1,0,0,1,0,0,2,0,1,0,1,0,1,1,0,1,0,0,0,2,2,1,0,0,1,0,2,0,1,0,0,2,0,0,0,0,0,0,0,0,1,1,0,2,0,1,0,0,0,0,0,0,0,1,1,1,0,0,1,1,1,1,0,0,0,0,1,1,0,1,1,1,2,0,0,1,0,1,1
rs415430,0,1,0,0,0,0,1,0,0,1,1,1,0,1,0,0,0,0,0,0,0,1,1,0,0,1,0,1,0,0,0,2,1,0,1,0,0,0,0,0,1,1,0,0,1,0,1,1,0,1,0,2,1,0,1,1,1,1,1,1,1,1,0,0,0,0,0,1,1,1,0,0,0,0,1,1,0,1,0,1,0,0,0,2,1,0,2,0,0,0,0,1,0,0,1,0,0,0,0,0,1,0,0,0,1,0,2,0,0,0,0,0,1,1,1,1,0,0,0,0,0,1,0,1,0,1,0,1,0,0,1,0,0,0,2,1,1,0,0,1,0,1,0,1,0,0,2,0,0,0,0,0,0,0,0,1,1,0,2,0,1,0,0,0,0,0,0,1,0,1,1,0,0,1,1,1,0,0,0,0,0,1,1,0,0,1,0,0,0,0,1,0,1,1
rs991108,0,0,0,0,0,0,0,0,0,0,0,0,0,0,0,0,0,0,1,0,0,0,0,0,1,0,0,0,0,0,0,0,0,0,0,0,0,0,0,0,1,0,0,0,0,0,0,0,0,0,0,0,0,0,0,0,0,1,0,1,0,0,0,0,0,0,0,0,0,0,0,0,0,0,0,0,1,0,0,0,0,0,0,1,0,0,0,0,0,0,0,1,0,0,1,0,0,1,1,0,0,0,0,0,0,1,1,0,0,0,0,0,0,0,0,0,0,0,1,0,0,0,0,0,0,0,0,0,0,0,0,0,0,0,0,0,0,0,0,0,0,0,0,1,0,1,0,0,0,0,0,1,1,0,0,0,0,1,0,0,0,0,0,0,0,0,1,0,0,0,0,0,0,1,0,0,0,0,0,0,1,0,0,0,1,0,0,0,1,0,1,0,0,0
rs7220419,0,0,0,0,0,0,0,0,0,0,0,1,0,0,0,0,0,0,0,0,0,0,0,0,1,0,0,0,0,0,0,0,0,0,0,0,0,0,0,0,1,0,0,0,0,0,0,0,0,0,0,0,0,0,0,0,0,0,0,1,0,0,0,0,0,0,0,0,0,0,0,0,0,0,0,0,1,0,0,0,0,0,0,1,0,0,0,0,0,0,0,0,0,0,0,0,0,0,1,0,0,0,0,0,0,0,0,0,0,0,0,0,0,0,0,0,0,0,1,0,0,0,0,0,0,0,0,0,0,0,0,0,0,0,0,0,0,0,0,0,0,0,0,0,0,1,0,0,0,0,0,0,1,0,0,0,0,1,0,0,0,0,0,0,0,0,1,0,0,0,0,0,0,1,0,0,0,0,0,0,0,0,0,0,0,0,0,0,1,0,1,0,0,0
rs2001381,1,2,0,2,2,1,1,0,0,1,1,1,1,1,0,0,1,1,1,0,0,1,1,1,0,0,2,1,1,2,1,1,1,2,1,0,1,0,1,1,1,1,1,1,1,0,1,0,0,0,1,0,1,1,1,0,0,1,0,1,0,2,0,1,1,0,1,1,1,1,0,0,0,1,1,1,0,0,1,1,1,1,1,0,0,1,0,2,0,1,0,0,1,0,1,1,0,0,0,0,2,1,0,0,2,0,0,0,0,1,0,0,1,2,1,1,0,1,0,1,0,1,1,0,0,2,0,1,1,1,0,0,1,2,1,1,0,1,0,2,2,0,0,0,0,0,1,1,0,2,1,1,1,0,0,0,1,0,1,2,0,0,1,1,2,2,0,1,1,2,0,1,1,0,2,0,2,0,1,0,0,1,0,0,1,0,0,0,0,0,0,0,0,0
rs7141,2,0,1,1,0,0,0,1,0,1,2,0,0,1,0,0,1,0,0,1,0,1,0,0,0,1,1,0,0,1,0,0,0,1,1,1,0,0,1,1,1,1,2,0,1,0,1,1,1,0,2,1,1,2,0,1,1,1,1,0,1,1,0,2,0,0,0,1,0,0,1,0,0,0,1,1,1,0,0,0,1,0,0,0,0,1,1,0,1,1,0,0,2,0,2,0,1,0,0,0,0,1,1,1,2,0,1,0,0,1,0,0,1,2,1,0,1,1,1,0,0,1,0,2,0,1,0,0,2,1,1,2,0,0,0,1,2,0,0,1,0,0,2,1,1,1,0,0,0,0,2,1,0,1,2,0,2,1,1,0,1,1,0,1,0,0,0,2,0,2,0,0,0,1,1,0,1,0,0,1,0,0,1,2,1,1,0,0,0,0,0,1,1,0
rs307627,0,0,1,0,0,0,1,1,1,1,2,0,0,1,0,0,0,0,0,0,0,0,1,0,1,2,1,0,0,1,0,0,0,0,1,1,0,0,0,1,0,1,1,0,0,0,1,1,1,0,1,0,1,1,0,1,1,1,0,0,1,1,0,2,0,0,0,1,0,0,0,0,0,0,0,1,1,2,0,1,0,0,0,0,0,1,1,0,0,0,0,0,0,0,1,0,0,0,1,0,0,0,0,0,2,0,0,0,0,1,0,0,1,1,0,0,0,0,1,1,0,1,0,2,0,1,0,0,0,1,0,1,0,0,0,1,0,0,0,1,0,0,2,0,0,0,0,0,1,0,1,1,0,1,2,0,1,1,1,0,1,0,0,1,1,0,0,2,0,1,0,0,0,0,0,0,1,0,0,0,0,0,2,2,0,0,0,0,0,0,0,0,0,0
rs11656201,1,1,0,1,1,1,1,1,1,0,1,0,0,0,2,2,1,0,1,1,1,0,0,1,0,0,1,0,1,0,0,1,1,1,0,1,0,0,1,0,0,2,0,2,1,0,1,1,1,0,2,1,0,2,0,0,0,1,1,0,0,0,0,1,0,0,0,0,0,0,2,0,0,1,1,1,0,0,0,0,2,0,1,0,1,1,2,0,0,1,1,0,1,0,1,0,1,0,1,0,0,0,0,1,0,0,0,0,0,1,0,0,0,0,0,1,0,0,2,1,0,0,0,1,0,0,0,0,1,1,1,1,0,2,2,0,1,0,1,0,0,1,2,0,2,0,1,1,1,0,1,2,0,0,1,0,1,0,0,0,0,1,0,0,0,0,0,0,1,0,0,1,0,1,2,0,1,1,1,0,0,0,1,0,1,1,0,0,1,2,0,1,2,0
rs4233018,1,0,2,1,0,0,0,2,0,1,0,1,0,1,0,0,1,0,1,2,1,1,1,1,1,1,1,1,0,1,0,0,0,0,1,1,1,0,0,1,1,0,1,0,1,0,1,0,1,1,1,1,2,1,1,0,0,0,0,1,1,1,1,2,1,2,1,1,2,1,0,0,0,1,0,1,1,2,1,1,1,1,0,0,0,1,1,1,0,1,0,0,0,1,0,2,1,0,0,0,2,2,1,1,0,1,1,1,1,1,0,0,1,1,1,1,0,2,1,0,0,1,2,1,1,1,1,1,0,0,0,0,2,0,0,2,0,0,2,1,1,1,1,1,0,1,1,1,1,2,0,0,1,1,1,0,2,1,1,0,0,1,2,1,1,0,1,1,1,1,1,1,2,0,1,1,1,0,1,1,2,0,0,1,0,1,0,2,0,0,1,1,0,2
rs7213894,1,1,2,0,1,2,1,0,2,1,1,1,0,0,2,1,1,1,1,0,0,1,1,0,1,2,0,0,1,1,1,1,0,1,1,0,0,0,1,1,0,1,1,2,1,0,0,1,1,1,1,1,0,0,0,2,2,1,0,1,2,0,0,0,1,0,1,0,1,0,1,0,1,1,0,1,1,0,0,1,1,1,2,1,1,2,1,0,0,2,0,1,2,1,2,1,0,2,2,2,1,2,1,0,1,0,0,1,2,1,1,1,1,0,2,1,1,1,1,0,0,0,0,2,1,2,1,0,1,2,1,2,0,2,2,0,1,0,0,0,1,1,0,0,1,1,1,1,0,1,0,2,1,1,0,1,0,2,1,1,1,1,0,0,2,2,1,1,1,1,1,0,1,1,2,0,1,2,0,1,0,2,1,1,1,1,0,0,1,1,0,0,2,1
rs4791806,1,0,0,1,2,1,0,0,1,0,1,0,0,0,1,1,0,1,1,1,0,0,1,0,0,0,1,0,0,0,1,1,0,0,0,0,1,0,1,0,0,1,1,1,0,0,1,1,0,0,2,0,0,0,0,0,0,1,0,1,0,0,1,0,0,0,0,0,0,0,0,0,1,0,0,1,1,0,1,0,1,0,0,0,0,1,2,1,1,1,1,0,1,0,0,0,0,1,0,1,0,0,1,0,0,0,1,1,0,0,0,1,0,1,0,1,1,0,1,0,0,0,0,0,0,0,1,0,1,0,2,1,0,2,0,0,1,0,0,0,0,0,0,0,0,0,0,1,0,0,0,1,1,0,0,0,0,0,0,0,1,0,0,0,0,0,0,0,1,1,0,1,1,0,1,0,1,1,0,0,0,0,0,0,0,0,0,0,1,1,0,0,2,0
rs2278637,0,2,1,0,0,1,1,0,1,1,1,2,1,1,0,1,1,0,1,0,2,0,0,2,1,1,0,1,0,1,1,0,0,0,0,1,2,0,0,0,0,0,0,0,0,0,0,0,1,0,0,0,1,0,1,0,1,0,0,1,1,1,0,1,0,0,0,0,0,0,0,0,0,0,0,1,0,0,0,1,1,0,1,1,1,0,1,0,0,1,0,0,1,0,1,1,0,1,0,1,1,0,1,2,0,0,0,0,1,0,0,2,2,1,1,1,2,0,0,0,0,0,0,0,2,1,0,1,0,0,1,0,1,1,0,0,0,1,0,1,1,0,0,1,1,0,0,2,1,0,0,1,0,1,2,0,1,0,1,2,0,1,1,2,1,1,1,0,1,1,1,0,1,1,1,1,1,1,1,0,1,0,0,0,1,0,0,0,1,1,0,1,0,0
rs4632239,2,0,0,2,1,1,2,1,0,0,0,1,1,0,0,0,1,1,0,1,2,2,0,1,2,1,0,0,1,2,1,1,1,1,0,1,1,0,0,1,0,0,0,1,1,1,2,0,2,2,1,0,0,0,0,2,0,0,0,1,1,1,2,0,0,1,1,1,0,2,1,1,0,1,0,0,1,0,1,0,2,2,0,0,1,0,1,1,1,0,0,1,0,2,1,2,0,1,0,2,1,0,1,0,0,0,1,0,0,1,0,2,1,0,0,1,2,1,1,1,1,0,0,0,1,0,1,2,2,2,1,0,0,1,1,0,1,2,0,0,1,1,0,0,0,0,0,2,1,0,0,0,0,0,1,1,1,1,0,1,1,0,0,2,0,0,1,2,1,0,1,2,2,1,1,2,0,2,1,0,1,0,0,1,0,1,1,1,0,1,2,0,0,0
rs8091665,2,0,0,2,1,1,2,1,0,0,0,1,1,0,0,0,1,1,0,1,2,2,0,1,2,1,0,0,1,2,1,1,1,1,0,1,1,0,0,1,0,0,0,1,1,1,2,0,2,2,1,1,0,0,0,2,0,0,0,1,1,1,2,0,0,1,1,1,0,2,1,1,0,1,0,0,1,0,1,0,2,2,0,0,1,0,1,1,1,0,0,1,0,2,1,2,0,1,0,2,1,0,1,0,0,0,1,0,0,1,0,2,1,0,0,1,2,1,2,1,1,0,0,0,1,0,1,2,2,2,1,0,0,1,1,0,1,2,0,0,1,1,0,0,0,0,0,2,1,0,0,0,0,0,1,1,1,1,0,1,1,0,0,2,0,0,1,2,1,0,1,2,2,1,1,2,0,2,1,0,1,0,0,1,0,1,1,1,0,1,2,0,0,0
rs12327472,2,0,0,2,1,1,2,1,0,0,0,1,1,0,0,0,1,1,0,1,2,2,0,1,2,1,0,0,1,2,1,1,1,1,0,1,1,0,0,1,0,0,0,1,1,1,2,0,2,2,1,1,0,0,0,2,0,0,0,1,1,1,2,0,0,1,1,1,0,2,1,1,0,1,0,0,1,0,1,0,2,2,0,0,1,0,1,1,1,0,0,1,0,2,1,2,0,1,0,2,1,0,1,0,0,0,1,0,0,1,0,2,1,0,0,1,2,1,1,1,1,0,0,0,1,0,1,2,2,2,1,0,0,1,1,0,1,2,0,0,1,1,0,0,0,0,0,2,1,0,0,0,0,0,1,1,1,1,0,1,1,0,0,2,0,0,1,2,1,0,1,2,2,1,1,2,0,2,1,0,1,0,0,1,0,1,1,1,0,1,2,0,0,0
rs4941343,0,0,0,1,0,1,0,0,0,0,0,0,0,0,0,0,0,0,0,0,0,0,0,1,0,0,0,0,0,0,0,0,0,0,0,0,0,0,0,0,0,0,0,1,0,1,0,0,0,0,0,0,0,0,0,1,0,1,0,0,0,1,0,0,0,1,0,1,0,0,0,0,0,0,0,0,0,0,1,0,0,0,0,0,0,0,0,0,0,0,0,1,0,2,1,0,0,0,0,0,1,0,0,0,0,0,0,0,0,0,0,0,1,0,0,0,0,0,0,0,0,0,0,0,0,0,2,1,0,0,1,0,0,0,0,0,0,2,0,0,0,0,0,0,0,0,0,1,1,0,1,0,1,0,0,0,1,1,0,0,0,0,0,1,0,0,0,0,0,0,1,0,0,0,1,1,0,0,0,0,1,0,0,0,0,0,0,0,0,1,1,0,0,0
rs17074957,1,0,0,1,1,1,1,1,1,0,1,1,0,0,0,2,1,1,0,1,0,0,0,0,0,1,1,1,0,0,1,1,0,1,0,2,1,0,0,1,0,0,0,0,0,1,2,1,1,1,0,0,0,0,1,1,0,2,0,1,0,2,0,0,0,1,1,1,2,1,0,0,0,1,1,0,1,2,2,0,2,1,1,0,2,1,0,1,0,1,0,1,0,1,1,0,0,2,2,0,1,1,0,0,1,1,1,0,0,2,0,0,0,0,0,0,0,1,1,0,0,0,1,1,0,0,2,1,1,1,2,1,1,0,0,0,1,2,1,0,1,0,0,0,0,0,0,0,0,0,1,2,1,1,2,2,2,0,2,1,1,1,1,1,1,2,1,0,0,2,1,1,1,2,1,1,1,1,0,1,0,0,0,2,2,0,1,2,0,1,1,1,1,1
rs11151202,1,0,0,1,1,1,1,1,1,0,1,1,0,0,0,2,1,1,0,1,0,0,0,0,0,1,1,1,0,0,1,1,0,1,0,2,1,0,0,1,0,0,0,0,0,1,2,1,1,1,0,0,0,0,1,1,0,1,0,1,0,2,0,0,0,1,1,0,2,1,0,1,0,1,1,0,1,2,2,0,2,1,1,0,2,1,0,1,0,1,0,1,0,1,1,0,0,2,2,0,1,1,0,0,1,1,1,0,0,2,0,0,0,0,0,0,0,1,1,0,1,0,1,1,0,0,1,1,1,1,2,1,1,0,0,0,1,2,1,0,1,0,0,0,0,0,0,0,0,0,0,2,0,1,2,2,2,0,2,1,1,1,1,1,1,2,1,0,0,2,1,1,1,2,1,1,1,1,0,1,0,0,0,2,2,0,1,2,0,1,1,1,1,1
rs2012927,1,0,1,1,1,1,1,1,1,0,1,2,0,0,0,1,0,1,0,1,0,1,0,0,0,1,1,0,0,1,1,1,1,2,0,1,1,1,0,1,1,0,0,0,0,0,1,2,0,1,0,0,0,0,0,1,1,1,1,1,0,2,0,1,0,0,1,0,1,1,1,1,0,0,1,0,2,1,2,0,2,1,1,2,2,1,0,0,0,1,0,1,0,0,1,0,1,2,1,1,1,1,0,0,1,0,0,0,0,2,1,0,0,0,1,1,0,1,1,1,1,0,1,1,0,0,0,0,1,1,2,0,1,0,0,0,2,1,1,0,0,0,0,0,0,1,0,0,0,1,1,1,0,0,2,2,1,1,2,1,0,0,1,0,1,1,1,0,0,2,0,1,1,1,1,0,1,1,0,1,0,0,1,1,2,0,1,2,0,0,1,1,1,1
rs2156058,1,0,1,1,0,1,1,1,0,0,1,1,0,0,0,0,0,1,0,1,0,0,0,0,0,1,0,0,0,1,1,1,0,2,0,1,1,0,0,1,1,0,0,0,1,0,1,2,0,0,0,0,0,0,0,1,1,0,1,0,0,1,0,1,0,0,0,0,0,1,0,1,0,0,1,0,0,1,1,0,2,1,1,2,2,1,0,0,0,1,0,0,0,0,0,0,1,1,1,0,0,1,0,0,1,0,0,0,0,2,1,0,0,0,1,1,0,0,1,1,1,0,0,0,0,0,0,0,1,1,0,0,1,0,0,0,2,1,0,0,0,0,0,0,0,1,0,0,0,0,1,0,0,0,1,1,0,1,1,1,0,1,1,0,1,1,0,0,0,2,0,1,1,1,1,0,0,0,0,0,0,0,0,0,1,0,1,1,0,0,1,1,0,1
rs1673130,1,0,0,0,0,0,1,1,0,0,2,2,0,0,0,0,0,1,0,0,1,0,2,1,1,1,1,1,1,2,0,1,0,1,0,0,1,0,1,0,1,1,0,2,0,0,1,1,0,1,1,1,1,0,0,1,1,0,0,0,1,0,0,0,0,0,0,0,2,1,0,0,0,1,0,1,0,0,0,0,1,1,0,0,1,1,1,0,0,1,0,0,1,0,0,1,0,1,0,1,0,0,0,2,0,1,1,1,2,1,0,0,0,1,0,0,0,1,2,0,0,0,1,1,0,0,0,0,0,0,1,0,1,0,0,0,1,1,2,0,0,0,0,0,0,0,1,0,1,1,0,1,1,0,2,0,0,1,0,0,1,1,0,1,1,0,0,1,2,0,0,0,0,1,1,2,0,1,0,0,1,1,1,0,1,1,0,0,1,1,0,1,1,0
rs9749171,1,1,0,0,0,0,1,1,1,0,2,2,1,0,0,0,0,1,1,0,1,0,2,1,2,1,1,1,1,2,0,1,1,1,0,0,2,0,1,0,2,1,0,2,0,0,1,1,0,1,1,1,1,0,0,1,1,0,0,0,1,0,1,1,2,2,0,0,2,1,0,0,0,2,1,1,1,0,0,0,1,1,0,1,1,1,2,0,1,1,1,0,1,1,0,1,0,1,0,1,0,1,0,2,1,1,1,2,2,1,0,0,0,1,0,0,0,1,2,1,0,0,2,1,1,0,0,0,1,0,1,0,1,0,1,1,1,1,2,0,0,1,0,2,1,1,1,1,1,2,0,1,1,0,2,1,0,1,0,1,1,1,1,1,1,0,0,1,2,1,1,0,0,1,1,2,0,1,0,1,1,2,1,1,1,1,0,0,1,1,0,1,1,0
rs11883054,1,0,0,1,0,2,1,1,0,1,2,1,1,0,0,0,0,0,1,0,1,1,1,1,1,1,1,1,0,1,0,0,1,0,0,0,1,0,1,1,1,1,1,2,0,0,1,1,0,1,1,1,1,0,0,1,1,1,1,0,1,0,2,0,0,0,0,0,2,1,0,0,1,1,0,0,0,1,0,0,0,2,0,1,0,2,2,0,1,0,0,0,1,0,1,2,0,2,0,1,0,0,0,1,2,0,1,0,2,0,0,0,1,0,0,0,0,1,2,0,1,0,2,1,1,0,0,2,1,0,1,0,0,1,0,0,1,0,2,1,0,0,0,1,0,1,1,2,1,1,0,1,1,0,2,2,0,0,0,1,1,1,1,1,1,0,0,1,1,1,0,0,0,0,1,1,0,1,0,0,0,1,1,0,1,0,0,0,1,1,0,0,1,0
rs8113341,0,0,0,0,0,2,1,1,0,0,2,1,0,0,0,0,0,0,0,0,1,0,1,1,1,1,1,1,0,1,0,0,0,0,0,0,1,0,1,0,0,1,0,2,0,0,1,1,0,0,1,0,1,0,0,1,1,0,1,0,1,0,1,0,0,0,0,0,2,1,0,0,0,0,0,0,0,0,0,0,0,1,0,0,0,1,1,0,0,0,0,0,1,0,1,2,0,1,0,1,0,0,0,1,2,0,1,0,2,0,0,0,1,0,0,0,0,1,2,0,0,0,1,1,0,0,0,1,0,0,1,0,0,0,0,0,1,0,2,0,0,0,0,0,0,0,1,0,0,1,0,1,1,0,2,0,0,0,0,0,1,1,0,1,1,0,0,1,1,0,0,0,0,0,0,1,0,1,0,0,0,1,1,0,1,0,0,0,1,1,0,0,1,0
rs1551570,1,0,2,1,1,0,1,2,0,2,1,1,0,2,0,2,1,0,1,1,1,1,1,1,2,1,0,1,1,1,0,0,1,2,1,1,1,0,0,2,1,1,1,0,2,0,1,1,0,1,1,0,0,0,0,2,2,1,0,2,1,0,1,1,0,1,0,1,2,0,0,0,1,0,0,0,1,1,0,1,1,1,1,0,0,0,1,0,2,1,0,2,1,2,0,0,1,2,2,0,2,1,1,0,2,1,1,2,0,1,1,1,2,2,1,1,0,2,1,2,1,0,0,1,1,1,1,2,1,0,0,0,2,1,1,2,0,0,2,0,2,0,0,1,1,0,1,1,1,1,0,0,1,1,2,1,1,1,1,0,1,2,2,0,1,1,1,1,0,1,1,0,1,2,2,2,0,0,1,0,1,0,1,2,1,1,0,2,2,2,0,2,0,1
rs2305795,1,0,2,1,2,0,1,2,0,2,1,1,0,2,0,2,1,0,1,1,1,1,1,1,2,1,0,1,1,1,0,0,1,2,1,1,1,0,0,2,1,1,1,0,2,0,1,1,0,1,1,0,0,0,0,2,2,1,0,2,1,0,1,1,0,1,0,1,2,0,0,0,1,0,0,0,1,1,0,1,1,1,1,0,0,0,1,0,2,1,0,2,1,2,0,0,1,2,2,0,2,1,1,0,2,1,1,2,0,1,1,1,2,2,1,1,0,2,1,2,1,0,0,1,1,1,1,2,1,1,0,0,2,1,1,2,0,0,2,0,2,0,0,1,1,0,1,1,1,1,0,0,2,1,2,1,1,1,1,0,1,2,2,0,1,0,1,1,0,1,1,0,1,1,2,2,0,0,1,0,1,0,1,2,1,1,0,2,2,2,0,2,0,1
rs4804570,1,1,1,0,0,1,0,1,0,0,2,0,0,0,1,1,0,1,0,0,0,0,0,1,0,0,1,0,0,0,0,0,1,1,1,0,0,0,0,1,1,1,0,0,0,0,0,0,2,0,0,1,2,0,0,0,0,0,0,0,0,0,1,0,0,1,0,0,0,0,1,0,0,1,0,0,0,0,0,0,0,0,0,1,1,0,0,0,0,0,2,0,1,1,0,1,1,0,0,0,2,0,1,0,1,0,0,0,0,1,0,0,0,0,1,0,1,0,0,0,0,0,1,1,0,0,0,0,0,0,0,0,1,0,0,0,0,0,0,0,0,1,2,0,0,0,0,0,0,0,0,0,0,1,0,0,0,0,1,0,0,0,0,0,1,0,0,0,0,1,0,0,0,0,0,1,0,0,0,0,0,1,1,1,0,0,0,0,1,1,1,0,0,1
rs1982632,0,0,1,0,1,1,1,1,1,1,1,0,0,0,1,1,1,0,0,0,1,2,1,0,1,0,1,1,0,0,0,1,0,0,0,1,1,0,0,1,0,1,1,0,1,0,1,0,0,2,0,0,1,0,0,1,0,0,0,0,0,0,0,0,0,0,0,1,0,0,1,0,0,0,0,1,0,1,0,0,0,0,1,0,0,0,0,0,1,1,0,0,0,1,1,0,1,0,0,0,1,1,0,0,0,0,0,0,0,0,0,0,0,0,0,0,0,0,0,0,0,1,0,0,1,2,0,1,0,0,0,1,0,0,0,0,1,0,0,0,0,0,1,2,0,0,0,0,0,1,0,0,0,0,1,0,0,0,1,1,0,0,0,1,0,0,0,1,2,0,1,0,0,1,0,0,0,0,0,0,0,0,1,0,2,0,1,1,1,0,0,0,0,0
rs2571104,0,0,1,0,1,1,0,0,1,1,1,0,1,0,1,0,1,1,0,1,1,0,1,1,0,0,1,1,1,1,0,1,2,0,0,1,0,0,1,1,1,1,0,1,2,0,0,0,1,0,2,0,1,0,1,2,1,2,0,1,1,0,2,0,1,1,0,0,1,1,1,0,0,0,2,1,1,2,1,0,0,0,1,0,1,1,2,0,0,0,0,2,1,0,0,1,2,2,1,0,1,0,0,0,0,1,0,1,1,2,0,2,2,0,0,0,1,1,1,0,0,0,0,1,0,0,1,1,0,0,0,1,0,1,0,1,0,0,0,0,1,2,0,1,1,1,0,0,0,2,1,1,0,1,2,1,1,0,1,0,1,1,1,1,0,1,0,0,0,0,2,1,1,0,1,1,0,1,1,0,0,0,0,0,1,0,1,1,0,2,1,0,2,1
rs1816466,0,0,0,0,0,0,0,0,0,0,0,1,0,1,0,1,1,0,1,0,1,0,0,1,0,2,1,0,0,0,0,0,0,1,0,0,0,0,1,0,0,1,0,0,0,0,0,0,1,1,0,0,2,1,1,0,0,0,0,0,1,0,1,1,1,0,0,0,0,1,1,0,0,0,0,0,1,1,2,0,1,0,1,0,0,0,1,0,0,0,0,1,1,0,0,1,1,0,0,0,0,1,0,0,0,0,0,1,0,0,0,0,0,0,1,0,0,0,0,0,0,0,0,0,0,0,0,1,1,0,1,0,0,1,0,0,2,1,0,0,0,0,0,0,2,0,0,1,1,1,1,0,0,2,0,0,0,0,0,0,0,0,0,0,0,0,1,0,0,0,1,1,0,0,1,0,0,1,1,0,0,0,0,0,1,0,0,0,0,0,0,0,0,0
rs2571151,0,0,0,0,0,0,0,0,0,0,0,1,0,1,0,1,1,0,1,0,1,0,0,1,0,2,1,0,0,0,0,0,0,1,0,0,0,0,1,0,0,1,0,0,0,0,0,0,1,1,1,0,2,1,1,0,0,0,0,0,1,0,1,1,1,0,0,0,0,1,1,0,0,0,0,0,1,1,2,0,1,0,1,1,0,0,1,0,0,0,0,1,1,0,0,1,1,0,0,0,1,1,0,0,0,0,0,1,0,0,0,0,0,0,1,0,0,0,0,0,0,0,0,0,0,0,0,1,1,0,1,0,0,1,0,0,2,1,0,0,0,0,0,0,2,0,0,1,1,1,1,0,0,2,0,0,0,0,0,0,0,0,0,1,0,0,1,0,0,0,2,1,0,0,1,0,0,1,1,0,0,1,0,0,1,0,0,1,0,0,0,0,0,0
rs2734459,0,0,0,0,0,0,0,1,0,0,0,0,0,1,0,1,2,0,0,0,1,1,0,0,0,1,1,0,0,0,0,0,0,0,0,0,0,0,0,0,0,0,0,0,1,0,0,0,1,0,0,0,0,0,0,1,0,0,0,0,1,1,1,0,2,1,1,0,1,0,0,0,1,0,1,1,1,0,2,0,0,0,1,0,1,0,1,0,0,0,0,1,1,0,1,1,0,0,0,0,0,1,0,0,0,0,0,0,0,1,0,1,0,0,0,0,1,0,0,1,0,0,0,0,0,0,0,2,1,0,1,0,0,1,0,0,0,0,0,0,1,0,0,0,1,1,0,0,1,1,1,0,0,0,1,0,0,0,0,0,1,0,0,0,0,0,1,1,1,0,0,1,0,0,1,0,0,0,1,0,0,0,2,0,0,0,0,0,0,0,0,0,1,1
rs2734456,0,0,0,0,0,0,0,1,0,0,0,1,1,1,0,1,2,0,0,0,1,1,0,1,0,2,1,0,0,0,0,0,0,1,0,1,0,0,1,0,0,0,0,0,1,0,1,0,2,1,0,0,1,0,1,1,0,0,0,0,1,1,1,0,2,1,1,0,1,1,1,0,1,0,2,1,1,1,2,1,1,0,1,0,1,0,1,0,0,0,0,1,1,0,1,1,1,0,0,0,0,1,0,0,0,0,0,0,0,1,0,1,0,0,1,0,1,0,0,1,0,0,0,0,0,0,0,2,2,0,1,0,0,1,0,0,1,1,0,0,1,0,1,0,2,1,0,1,1,2,1,0,0,1,1,0,0,0,0,0,1,0,0,0,0,0,2,1,1,0,1,1,0,0,1,0,0,1,2,0,0,0,2,0,1,0,0,0,0,0,0,0,1,1
rs2734453,0,0,0,0,0,0,0,0,0,0,0,0,0,1,0,1,1,0,0,0,1,0,0,0,0,1,1,0,0,0,0,0,0,0,0,0,0,0,0,0,0,0,0,0,0,0,0,0,1,0,0,0,0,0,0,0,0,0,0,0,1,1,1,0,2,1,0,0,0,0,0,0,1,0,0,0,1,0,2,0,0,0,1,0,0,0,1,0,0,0,0,1,1,0,0,1,0,0,0,0,0,1,0,0,0,0,0,0,0,0,0,0,0,0,0,0,0,0,0,0,0,0,0,0,0,0,0,1,1,0,1,0,0,1,0,0,0,0,0,0,0,0,0,0,1,0,0,0,1,0,1,0,0,0,0,0,0,0,0,0,0,0,0,0,0,0,1,1,0,0,0,1,0,0,1,0,0,0,1,0,0,0,0,0,0,0,0,0,0,0,0,0,0,0
rs919276,2,1,1,0,0,1,1,0,0,1,0,0,0,0,1,1,1,2,1,0,0,1,0,2,1,0,0,0,1,0,0,0,0,1,2,1,0,0,2,0,0,0,1,1,0,0,0,1,0,1,0,0,2,0,2,0,2,1,1,0,0,1,2,1,0,0,0,1,1,0,0,0,1,0,1,0,0,1,1,1,0,1,0,0,1,0,0,1,0,0,0,0,0,0,1,0,1,0,0,0,1,0,1,1,1,0,1,0,1,0,0,0,0,0,1,2,1,1,1,2,1,1,0,1,0,1,0,0,0,0,0,1,0,1,2,1,1,1,0,1,0,0,0,0,1,0,1,1,2,1,0,2,0,0,1,0,0,0,1,1,0,0,2,1,1,0,1,0,1,0,0,0,1,0,0,1,0,1,1,0,0,0,1,1,1,0,1,1,0,1,0,1,0,0
rs8101336,0,1,1,1,1,1,0,1,0,0,1,2,0,1,2,0,1,0,1,0,0,0,0,1,1,0,0,1,0,1,0,1,0,1,1,1,1,0,0,1,1,1,2,1,2,0,1,1,1,1,1,0,1,2,2,1,2,1,1,1,0,0,1,2,0,1,0,2,1,0,1,0,0,2,1,1,0,2,1,0,2,0,2,1,1,0,0,1,0,2,2,0,1,1,0,0,0,0,1,2,1,1,0,1,1,2,0,1,1,1,1,1,1,1,0,1,1,1,1,1,1,1,1,0,2,2,0,1,1,0,1,1,0,0,1,0,1,1,0,1,0,1,1,1,1,0,0,1,0,2,0,0,1,1,1,0,1,1,1,1,2,1,0,2,0,2,2,1,1,1,0,1,1,0,0,2,0,2,0,1,0,0,0,0,1,1,0,1,0,0,1,2,2,1
rs4802740,2,0,0,0,1,0,0,0,0,1,0,0,0,0,0,1,0,0,1,0,1,0,1,0,0,0,1,0,0,0,0,0,0,1,0,1,0,0,0,0,0,1,0,1,1,0,0,0,0,1,0,0,0,0,0,1,0,0,0,1,1,0,1,1,0,0,0,0,0,0,0,0,1,1,0,0,2,0,0,0,0,0,0,0,0,1,0,0,0,0,1,1,0,0,0,0,0,0,0,0,0,0,0,1,0,1,0,0,0,0,0,0,0,0,0,0,0,0,1,1,0,0,0,2,0,0,0,0,1,0,0,0,1,0,0,0,0,0,0,0,1,1,0,0,1,0,1,0,1,0,0,0,0,0,0,0,1,0,0,0,2,0,1,0,0,0,0,1,0,1,1,0,1,0,0,0,0,0,0,0,0,0,1,1,1,0,0,1,0,1,0,0,0,1
rs7248759,2,0,0,1,1,2,2,0,1,2,0,0,0,0,0,1,0,1,1,1,1,0,1,1,0,1,1,2,1,0,1,1,1,1,1,1,0,0,0,1,1,1,0,1,2,0,1,0,1,1,0,1,2,0,1,2,0,1,1,1,1,1,1,1,1,0,1,1,0,1,1,0,2,2,1,1,2,0,0,0,1,0,1,1,1,1,1,0,1,0,1,1,1,1,1,0,2,1,1,0,1,1,1,2,1,1,1,1,0,1,1,0,0,1,1,1,0,1,2,1,0,1,0,2,1,0,0,1,2,0,0,0,1,1,0,1,1,0,1,1,2,1,0,2,1,1,1,1,1,1,2,2,2,2,1,1,2,0,1,0,2,0,1,1,0,2,1,1,2,1,1,0,1,0,2,0,0,0,1,1,1,0,1,2,1,2,0,1,1,1,0,2,0,1
rs7253017,0,1,0,0,0,0,1,1,1,0,0,1,0,0,1,1,1,2,0,1,0,1,0,1,2,0,0,1,1,0,1,0,1,0,0,1,1,0,1,1,1,1,0,0,0,0,1,0,0,1,1,0,1,2,0,0,1,0,0,1,2,0,0,0,1,0,0,0,0,0,0,0,1,0,1,1,1,0,1,0,0,0,0,1,0,1,1,0,1,0,1,0,1,1,0,0,1,1,0,0,2,0,0,0,1,1,1,1,0,0,1,0,0,0,0,1,0,1,0,1,0,0,0,0,0,1,0,1,0,0,0,1,2,0,0,1,1,0,1,1,0,0,0,0,0,2,1,1,0,0,1,2,1,1,1,1,0,0,1,1,0,0,1,0,1,0,0,1,1,1,0,1,2,0,1,1,0,0,1,1,2,0,0,1,0,0,1,1,2,0,0,0,0,1
rs1465557,0,1,0,0,0,0,1,2,1,0,0,1,0,0,1,1,1,2,0,2,0,1,1,1,2,0,0,1,2,0,2,0,1,1,0,2,1,0,1,1,2,1,0,0,0,0,1,0,0,1,1,0,1,2,0,0,2,0,1,2,2,0,0,0,1,0,1,0,0,1,0,0,1,1,1,1,1,0,1,0,1,0,0,1,0,1,1,0,2,0,1,0,1,1,0,0,1,1,0,0,2,0,0,0,1,1,2,1,0,0,1,0,0,1,0,1,0,1,0,1,0,1,1,1,1,1,0,2,1,0,0,1,2,0,0,1,1,0,1,1,0,0,0,0,0,2,1,1,0,1,1,2,1,1,1,1,0,1,1,1,0,0,1,0,1,0,0,1,1,1,0,1,2,0,1,1,0,1,1,1,2,0,0,1,0,1,1,1,2,0,0,1,0,1
rs11126836,1,0,0,1,1,1,1,0,0,0,1,0,0,0,1,1,0,1,0,1,0,1,1,2,1,1,1,1,2,1,1,1,2,1,1,1,1,2,0,1,1,0,0,0,1,1,2,0,0,1,2,1,0,1,1,0,0,2,2,0,0,1,1,2,1,2,2,1,0,1,1,0,1,1,1,1,0,0,1,0,1,2,1,1,1,0,2,0,1,0,0,1,0,1,1,1,2,0,1,1,1,1,2,1,1,1,1,2,1,2,0,1,1,0,1,1,0,1,1,1,2,1,1,1,0,0,0,0,2,1,0,0,0,1,1,0,0,2,1,0,1,1,1,1,0,1,2,0,2,0,1,0,1,0,2,1,0,2,0,0,1,1,2,0,1,2,1,1,1,2,0,1,0,1,0,1,1,1,0,1,0,0,0,0,1,1,0,1,1,0,1,0,0,1
rs1866561,1,0,0,1,1,1,1,1,0,1,0,1,0,0,1,1,0,1,0,1,0,1,1,2,2,1,1,1,2,1,1,1,2,1,0,0,1,2,0,1,1,0,0,0,1,1,2,0,0,1,2,1,0,0,1,1,0,1,2,0,0,0,1,2,1,2,2,1,0,1,1,0,1,1,1,1,1,0,1,1,0,2,2,1,1,0,0,0,1,0,0,0,0,1,2,1,0,0,1,0,1,1,1,0,1,0,1,2,1,2,0,0,0,0,2,1,0,1,0,2,1,1,1,1,0,0,0,0,2,1,0,0,0,1,1,0,0,2,1,0,1,0,1,1,0,1,1,0,1,0,0,0,1,0,2,1,0,2,0,0,1,1,2,1,1,2,1,1,1,2,0,1,0,1,0,1,1,0,0,1,0,1,0,0,1,1,0,1,1,0,1,1,0,1
rs2835228,1,0,0,0,0,1,0,0,1,0,0,1,1,1,2,0,2,0,1,1,2,1,1,2,0,0,0,0,0,1,0,0,1,0,1,1,0,2,0,1,0,0,0,0,1,0,2,1,1,1,0,0,1,0,1,1,0,0,0,0,0,0,2,1,0,1,1,0,0,0,0,0,0,0,0,0,0,0,0,1,0,0,2,1,2,1,0,0,1,1,0,0,0,1,2,0,0,1,0,0,0,1,0,1,0,0,0,0,1,0,1,1,0,1,0,0,0,0,1,1,0,1,2,0,1,1,0,1,0,1,1,1,1,1,2,0,0,0,0,1,1,0,0,0,0,0,0,0,0,1,1,0,0,1,1,2,1,1,1,0,0,1,1,0,0,2,1,1,0,1,1,0,1,2,0,0,0,1,0,0,1,2,1,1,1,0,0,0,0,1,0,0,0,1
rs2226827,0,0,0,0,0,1,0,0,0,1,1,1,0,0,0,1,1,0,0,0,1,0,1,0,0,0,0,0,0,1,0,0,0,0,0,0,0,0,0,0,0,0,0,0,1,0,0,0,0,0,0,0,1,0,0,1,0,0,0,0,0,0,2,1,0,0,0,0,0,0,0,0,0,2,0,0,0,1,0,1,0,1,0,0,0,0,0,0,0,0,0,0,0,1,0,0,0,0,0,0,0,0,0,0,0,0,0,0,0,1,1,0,0,1,2,0,0,0,1,0,1,1,0,0,0,1,0,0,0,1,0,2,0,1,1,0,0,1,0,1,0,0,1,0,0,1,0,1,0,0,1,0,0,1,0,0,0,0,1,0,0,0,0,0,0,1,0,1,0,0,0,1,1,0,0,0,0,0,0,0,0,0,0,1,0,1,0,1,0,0,1,0,0,1
rs2835286,0,0,0,0,0,1,0,1,0,1,1,1,1,0,0,2,1,0,0,0,1,0,1,0,0,0,0,0,0,1,0,0,0,0,0,0,0,0,0,0,0,0,0,1,1,1,0,0,0,0,0,0,1,1,0,2,1,0,0,0,1,0,2,1,0,1,0,0,0,1,0,0,1,1,0,0,0,1,0,1,0,1,0,0,0,0,0,1,0,0,0,0,1,1,0,0,0,1,1,0,0,1,0,1,0,1,0,0,0,1,1,0,0,1,2,0,1,0,1,0,1,1,0,1,0,1,0,0,0,1,0,2,0,2,1,0,0,1,0,2,0,0,1,0,0,1,1,1,0,0,1,0,0,1,0,0,0,0,1,0,0,0,0,1,1,1,0,1,0,0,0,1,1,1,0,0,0,0,0,0,0,0,0,0,0,1,0,2,0,1,1,0,1,1
rs2239567,0,0,0,0,0,1,0,0,0,1,1,1,0,0,0,1,1,1,0,0,1,0,1,0,0,0,0,1,0,1,0,0,0,0,0,0,0,0,0,0,0,0,0,0,1,0,0,0,0,0,0,0,1,0,0,2,0,0,0,0,0,0,2,1,0,0,0,0,0,0,0,0,0,1,0,0,0,1,0,2,0,1,0,0,0,0,1,0,0,0,0,0,0,1,0,0,0,0,0,0,0,0,0,0,0,0,0,1,0,1,1,0,0,1,2,0,0,0,1,0,1,1,0,0,0,1,0,0,0,1,0,2,0,1,1,0,0,1,0,1,0,0,1,0,0,1,0,1,0,0,1,0,0,1,0,0,0,0,1,0,0,0,0,0,0,1,0,1,0,0,0,1,1,0,0,0,0,0,1,0,0,0,0,0,0,1,0,1,0,0,1,0,0,1
rs2199503,1,1,2,0,1,2,0,1,0,0,1,1,0,1,0,1,1,1,1,1,1,1,1,0,1,0,0,1,1,2,0,1,0,1,2,0,0,0,0,0,0,0,0,0,0,0,0,1,1,0,0,1,0,0,1,2,1,1,0,1,1,0,0,0,0,2,1,0,1,1,1,0,0,1,1,2,1,1,1,1,0,1,1,1,0,0,0,1,0,0,0,0,1,2,1,0,0,1,1,0,2,0,0,0,1,0,0,0,1,0,0,0,0,0,1,1,1,1,1,0,0,1,1,0,0,1,0,0,0,1,0,1,0,0,1,1,0,0,1,1,1,2,0,0,0,1,0,2,1,1,1,0,2,0,2,2,0,0,0,0,0,0,0,0,0,0,0,1,0,1,0,0,1,0,0,1,1,0,0,0,2,0,0,1,1,2,1,0,0,1,0,0,0,1
rs334543,1,1,1,0,1,1,0,1,0,0,1,1,1,1,0,0,1,1,1,2,1,0,1,0,1,0,0,1,1,2,0,1,0,1,2,0,0,0,1,0,0,0,0,0,0,0,0,1,1,0,0,1,1,1,1,2,2,1,0,1,1,0,0,0,0,2,1,0,1,1,1,0,0,1,0,2,1,1,1,1,0,1,1,1,0,0,0,1,1,0,0,0,1,2,1,0,0,0,1,0,2,0,0,0,1,0,0,0,1,0,0,0,0,0,1,1,1,0,1,0,0,1,1,0,0,1,0,0,0,1,0,1,0,0,1,1,0,0,1,1,1,2,1,0,0,1,0,2,1,1,1,0,2,0,2,1,0,0,0,0,0,0,0,0,0,0,0,1,0,1,0,0,1,0,0,1,1,0,0,0,1,0,0,1,1,2,1,0,0,1,0,0,0,0
rs1488763,1,1,1,0,0,0,2,0,0,0,0,1,0,0,1,1,0,0,0,0,0,0,0,1,0,2,0,0,0,1,1,1,0,0,0,2,0,0,0,1,2,1,1,0,1,1,1,0,0,1,0,0,0,0,0,0,0,0,1,0,0,1,1,1,0,0,1,1,0,1,0,1,1,0,1,0,1,1,1,1,1,0,0,1,1,0,1,0,2,2,1,2,0,0,1,1,2,0,1,1,0,1,2,1,1,2,2,2,0,1,0,0,1,1,0,1,1,1,0,0,1,0,1,0,0,0,1,1,2,0,0,0,0,0,0,0,0,2,0,1,0,0,1,0,1,1,2,0,0,0,0,1,0,0,0,0,2,1,1,0,1,0,0,1,0,1,2,1,1,0,0,0,1,1,0,1,0,2,1,2,1,0,1,0,0,0,0,1,1,1,1,0,2,1
rs1488762,0,0,0,0,0,0,0,0,0,0,0,0,0,0,1,0,0,0,0,0,0,0,0,0,0,1,0,0,0,0,0,1,0,0,0,1,0,0,0,0,0,0,0,0,0,0,0,0,0,0,0,0,0,0,0,0,0,0,0,0,0,0,0,1,0,0,1,1,0,0,0,1,1,0,0,0,0,0,0,0,0,0,0,0,0,0,0,0,1,0,1,2,0,0,1,1,0,0,0,0,0,0,1,0,0,0,0,1,0,1,0,0,0,0,0,0,0,0,0,0,0,0,0,0,0,0,0,0,0,0,0,0,0,0,0,0,0,1,0,1,0,0,0,0,1,0,1,0,0,0,0,0,0,0,0,0,1,0,0,0,1,0,0,1,0,0,0,0,0,0,0,0,0,0,0,1,0,1,0,1,0,0,0,0,0,0,0,0,0,0,0,0,0,0
rs11929146,0,0,0,0,0,0,0,0,0,0,0,1,0,0,1,0,0,0,0,0,0,0,0,0,0,2,0,0,0,0,1,1,0,0,0,1,0,0,0,0,0,0,1,0,0,0,1,0,0,0,0,0,0,0,0,0,0,0,0,0,0,0,0,1,0,0,1,1,0,0,0,1,1,0,0,0,0,0,0,0,0,0,0,0,0,0,0,0,2,1,0,2,0,0,1,1,2,0,0,0,0,0,1,0,1,0,0,1,0,1,0,0,0,0,0,1,0,1,0,0,0,0,0,1,0,0,1,0,0,0,0,0,0,0,0,0,0,0,0,1,0,0,1,0,1,0,1,0,0,0,0,0,0,0,0,0,1,0,1,0,1,0,0,1,0,0,0,1,0,0,0,0,0,0,0,0,0,1,0,1,0,0,1,0,0,0,0,0,1,0,1,0,1,1
rs1147683,0,1,1,0,1,1,1,0,1,1,1,1,2,1,1,0,2,0,1,1,1,0,0,0,0,0,1,0,2,1,0,2,0,2,1,0,1,1,1,0,0,1,1,1,0,0,1,1,1,0,0,1,1,1,1,1,1,0,0,1,0,0,0,0,0,1,1,1,0,1,1,1,0,0,0,1,0,1,1,1,0,2,0,1,1,2,1,0,0,0,2,0,1,1,1,1,0,0,1,0,1,0,0,0,1,0,0,0,1,1,1,0,0,0,1,1,2,1,1,0,0,1,1,1,0,2,0,1,0,2,0,0,1,0,0,1,2,1,2,1,0,1,0,1,0,0,0,2,1,0,1,1,0,1,0,2,0,0,1,2,1,0,0,0,1,1,0,1,0,1,2,0,1,1,1,2,1,0,0,0,0,1,0,1,2,0,1,0,0,1,1,1,0,1
rs1733354,0,1,1,0,1,1,1,0,1,1,1,1,2,1,1,0,2,0,1,1,1,0,0,0,0,0,1,0,2,1,0,2,0,2,1,0,1,1,1,0,0,1,1,1,0,0,1,1,1,0,0,1,1,1,1,1,1,0,0,1,0,0,0,0,0,1,1,1,0,1,1,1,0,0,0,1,0,1,1,1,0,2,0,1,1,2,1,0,0,0,2,0,1,1,1,1,0,0,1,0,1,0,0,0,1,0,0,0,1,1,1,0,0,0,1,1,2,1,1,0,0,1,1,1,0,2,0,1,0,2,0,0,1,0,0,1,2,1,2,1,0,1,0,1,0,0,0,2,1,0,1,1,0,1,0,2,0,0,1,2,1,0,0,0,1,1,0,1,0,1,2,0,1,1,1,2,1,0,0,0,0,1,0,1,2,0,1,0,0,1,1,1,0,1
rs1147695,0,1,1,0,0,1,1,1,0,0,0,0,1,1,0,0,1,0,1,1,1,0,0,0,0,0,0,0,1,1,0,2,0,1,0,0,0,0,1,0,0,0,0,0,0,0,0,1,0,0,0,1,0,0,0,1,0,1,0,1,0,0,0,0,0,1,1,0,0,0,0,0,0,0,0,1,0,1,0,0,0,1,0,1,0,0,0,0,0,0,0,0,0,1,1,0,0,0,1,0,0,0,0,0,1,0,0,0,1,0,0,0,0,0,1,0,2,0,0,0,0,0,0,0,0,1,0,0,0,1,0,0,0,0,0,1,0,0,0,0,0,1,0,0,0,0,0,2,1,1,0,0,0,0,0,1,0,0,1,0,0,0,0,0,0,1,0,1,0,1,0,0,1,0,0,1,1,0,0,0,0,1,0,1,1,0,1,0,0,1,0,0,0,0
rs4400034,0,0,0,1,0,0,0,0,1,0,0,0,0,0,0,0,0,0,0,0,0,2,0,0,1,0,1,0,0,0,0,0,0,1,0,0,0,0,0,0,0,0,0,0,1,0,0,0,0,1,0,0,0,1,1,0,0,0,0,0,0,1,0,0,0,0,1,0,0,0,0,1,0,0,0,0,0,0,0,1,1,1,0,0,0,0,1,0,1,0,0,1,0,0,0,1,0,0,0,1,0,0,0,0,0,0,0,1,0,0,0,0,0,0,0,1,0,0,1,1,0,0,0,0,0,0,0,0,0,0,0,0,0,0,0,0,0,1,0,0,0,0,0,0,0,0,0,0,0,0,0,0,0,0,0,1,0,1,0,1,0,0,0,0,0,0,1,0,0,0,0,0,0,0,0,0,0,0,0,0,0,0,0,0,0,0,0,0,0,0,1,0,0,0
rs4241780,0,0,1,1,0,1,0,0,1,0,1,0,0,0,0,0,0,0,0,0,0,2,0,0,1,0,1,0,0,0,1,0,0,1,0,0,0,0,0,1,0,0,0,0,1,0,0,0,0,1,0,0,0,1,1,0,0,0,0,1,0,1,0,0,0,0,1,0,0,0,0,0,0,0,0,1,0,0,0,1,1,0,0,0,0,0,0,0,1,0,0,1,0,0,0,1,0,0,0,1,0,0,0,0,0,0,0,0,0,1,0,0,0,0,0,1,0,0,1,1,0,0,1,0,0,0,0,0,0,0,0,1,0,0,0,1,0,1,0,0,1,0,0,0,0,0,0,0,0,0,0,0,0,0,0,0,0,1,0,1,0,0,0,0,0,0,1,0,0,0,0,0,0,1,0,0,0,0,0,1,0,0,0,0,0,1,0,0,0,0,1,0,0,0
rs4862251,0,0,2,1,1,1,1,0,0,1,1,0,0,0,0,0,0,1,0,0,1,2,0,2,0,0,1,0,1,0,1,1,1,2,0,1,0,0,0,1,0,0,1,0,1,0,0,0,1,0,0,0,0,2,0,0,0,1,0,0,0,1,0,1,0,1,1,0,0,0,2,0,1,0,1,0,1,0,0,1,2,0,1,0,0,1,0,2,0,0,0,1,0,0,0,0,0,1,0,1,1,0,0,1,0,0,0,0,0,1,0,1,0,1,2,1,0,0,1,1,1,0,2,0,1,0,1,0,0,0,2,0,0,0,0,0,0,1,1,0,1,0,1,0,0,0,0,1,0,0,0,0,1,0,0,0,0,1,0,2,1,0,0,0,0,0,1,1,0,0,0,0,1,1,0,1,0,0,0,1,0,1,1,0,0,1,0,0,0,1,2,0,1,1
rs10028767,0,0,2,1,1,1,1,0,0,1,1,0,0,0,0,0,0,1,0,0,1,2,0,1,0,0,1,0,1,0,1,1,1,2,0,2,0,0,0,1,0,0,1,0,1,0,1,0,1,0,0,0,0,2,0,0,1,1,0,0,0,2,1,1,0,1,1,0,1,0,2,0,1,0,1,0,1,0,0,1,2,0,1,0,0,1,0,2,1,0,0,1,0,1,1,0,0,1,0,1,1,0,0,1,0,1,0,0,0,1,0,1,0,1,2,1,0,0,2,1,1,0,2,0,1,0,1,1,0,0,2,0,0,0,0,0,0,1,1,0,1,0,1,0,0,0,0,1,0,0,0,0,1,0,0,0,0,1,0,1,1,0,1,0,0,0,1,1,1,0,0,0,1,1,0,1,0,0,0,1,0,1,1,0,0,1,0,0,0,1,2,0,1,1
rs4568278,1,0,0,0,0,0,1,0,0,0,0,1,1,0,1,0,0,0,0,1,0,0,0,0,0,0,1,0,0,0,1,0,0,0,0,0,0,0,1,1,0,1,0,0,1,0,0,0,0,0,0,1,0,0,0,1,0,1,0,0,0,0,0,0,1,1,0,0,0,0,0,0,0,0,1,1,0,1,0,0,0,0,0,0,1,0,1,0,0,0,0,1,1,0,1,1,0,0,1,0,1,0,1,0,0,0,0,0,0,1,1,0,1,0,0,0,0,0,0,0,1,0,0,0,1,0,0,0,1,1,1,1,0,0,1,1,0,1,0,1,1,0,1,0,0,0,0,0,0,0,0,0,0,1,0,1,0,0,0,0,1,0,1,1,0,0,1,0,1,0,0,0,0,0,0,0,1,0,1,0,0,0,0,2,0,0,0,0,0,0,0,0,1,0
rs1965869,0,1,0,0,0,0,1,1,0,0,0,0,1,0,0,0,0,1,1,0,0,1,1,0,0,1,0,1,0,0,0,1,0,0,0,0,0,1,0,0,1,0,0,0,1,0,0,2,0,0,2,0,1,0,0,1,2,0,0,0,0,2,0,2,1,1,1,0,2,0,0,0,0,1,2,1,0,0,1,1,1,0,2,0,0,0,1,1,1,0,0,0,0,0,1,0,0,1,1,0,0,0,0,1,1,2,0,1,0,0,0,1,1,0,0,0,1,0,1,1,1,0,0,1,0,2,1,1,1,0,0,1,0,0,0,0,1,1,1,0,1,0,0,0,1,0,1,1,0,0,1,0,1,0,0,2,0,1,1,2,1,1,1,0,1,2,0,2,0,0,0,0,0,2,0,0,0,1,0,0,1,0,0,0,1,1,0,0,0,0,1,1,1,1
rs11097200,1,1,0,0,1,0,0,1,0,0,0,0,0,1,0,2,0,1,0,1,0,1,2,0,2,0,0,1,0,1,1,1,1,0,0,1,1,1,0,0,2,1,1,1,0,0,1,0,2,2,2,2,2,0,0,1,0,1,0,0,1,1,1,1,1,0,2,2,0,1,2,1,1,1,1,0,1,0,0,1,1,2,2,1,2,2,0,0,0,1,1,0,1,2,1,0,0,0,1,0,1,0,0,1,1,2,1,1,0,1,1,0,0,0,2,1,0,0,0,0,0,1,1,0,1,0,1,1,0,1,1,1,2,0,0,1,1,1,0,1,0,0,1,1,1,0,0,1,2,0,1,0,1,1,1,0,1,1,2,0,2,1,1,2,0,0,2,1,2,2,1,0,2,1,0,0,0,1,1,2,1,1,1,0,1,0,2,0,1,1,1,2,1,1
rs11735482,1,1,0,0,1,0,0,1,0,1,0,0,0,1,0,2,0,1,0,1,0,1,2,0,2,0,0,1,0,1,1,2,1,0,1,2,1,1,0,0,2,1,1,1,1,0,1,0,2,2,2,2,2,0,0,1,0,1,0,0,1,1,1,1,1,0,2,2,0,1,2,1,1,1,1,0,1,0,0,1,1,2,2,1,2,2,0,1,0,1,1,0,1,2,1,0,1,0,1,0,1,0,0,2,1,2,1,1,0,1,1,0,0,0,2,1,0,0,0,0,0,1,1,0,1,1,1,1,0,1,1,1,2,0,0,1,1,1,0,1,0,1,1,1,1,0,1,1,2,0,1,0,1,1,1,0,1,1,2,1,2,1,1,2,0,0,2,1,2,2,1,0,2,1,0,0,0,1,2,2,1,1,1,0,1,0,2,0,1,1,1,2,1,1
rs2609255,0,1,0,0,0,1,0,0,1,0,2,0,2,0,1,0,1,1,1,1,0,0,0,1,0,1,1,0,0,0,0,0,0,0,1,0,0,1,0,1,0,0,0,1,0,0,0,0,0,0,0,0,1,0,0,0,1,0,0,1,1,0,1,1,0,1,0,0,0,0,0,0,1,0,1,0,1,0,0,2,1,0,0,1,0,0,0,0,1,2,0,0,0,0,0,0,1,0,0,1,0,0,0,0,0,0,0,0,1,0,0,1,0,0,0,1,0,2,0,0,0,1,1,0,0,1,0,0,0,1,0,1,0,2,1,1,1,0,0,0,1,1,0,1,0,0,0,1,1,0,1,0,0,0,0,2,0,0,0,0,0,0,1,0,0,1,0,1,0,0,1,0,1,1,1,2,1,0,0,0,1,1,0,0,0,0,0,2,0,0,0,0,0,1
rs7737438,2,0,0,0,1,1,2,1,0,2,0,1,2,1,1,0,0,1,1,1,1,0,0,0,0,2,1,1,1,1,0,1,1,0,1,1,1,1,1,0,0,0,1,1,0,1,0,0,0,1,0,0,0,0,1,2,1,1,0,1,0,1,0,1,0,1,0,1,0,1,1,1,0,1,1,0,0,1,1,1,1,1,2,1,1,2,1,1,0,0,0,0,0,1,0,1,1,1,1,0,0,0,1,2,1,0,1,2,0,0,1,0,1,1,0,1,1,0,1,0,1,2,0,0,0,1,1,1,0,1,2,2,0,0,0,1,0,0,0,1,0,0,0,0,0,0,0,0,0,1,0,0,1,0,0,1,1,1,1,0,1,0,1,0,0,0,1,2,0,0,1,0,2,0,1,1,0,1,0,0,0,0,1,1,0,0,2,1,0,1,0,0,0,0
rs6882940,2,1,1,1,0,1,1,1,0,0,2,1,1,0,0,1,0,0,0,0,0,1,0,1,0,1,1,0,1,1,1,1,0,0,1,1,0,0,0,1,0,0,0,0,1,0,0,0,0,0,0,0,0,1,0,0,1,0,0,0,0,0,1,0,1,1,0,1,2,1,0,0,0,1,2,1,1,1,0,2,0,1,0,2,0,1,0,0,0,0,1,0,1,0,0,0,1,0,0,1,0,0,1,0,1,2,1,1,1,0,1,1,0,1,1,0,0,1,0,0,1,0,1,0,0,0,1,0,0,0,0,0,1,0,1,0,0,1,1,0,0,0,0,1,0,0,0,1,1,1,0,1,0,1,1,0,1,1,2,0,0,0,1,0,0,1,0,0,2,0,0,0,0,1,1,0,0,0,0,2,0,0,0,0,1,0,1,0,0,0,0,1,0,0
rs2619756,2,1,0,0,0,1,2,1,0,0,1,1,1,0,0,0,0,1,0,0,0,1,0,0,1,1,0,1,1,0,1,0,0,1,0,0,1,0,0,0,0,0,0,0,0,1,1,0,1,1,2,1,1,0,1,0,1,1,0,0,1,0,0,0,0,1,0,1,1,0,1,1,0,0,0,0,0,1,1,0,1,1,0,0,1,0,0,0,2,0,1,0,1,0,2,0,1,0,0,0,0,0,0,0,2,0,0,0,1,0,1,0,1,1,0,0,1,0,0,1,1,1,0,0,1,0,0,0,0,0,0,0,1,1,0,2,0,0,2,1,2,2,1,0,0,0,1,0,0,1,0,1,0,0,1,0,0,0,0,0,0,0,1,1,0,1,2,1,0,0,0,0,0,1,1,1,0,1,1,1,0,0,0,0,1,0,2,2,2,1,2,1,0,1
rs1019496,1,1,1,1,0,0,2,1,0,0,0,1,1,0,0,0,1,0,0,1,0,1,0,1,1,0,1,0,0,0,1,0,0,0,0,1,1,0,0,0,0,0,1,1,0,2,0,0,1,0,0,1,0,0,0,0,0,0,0,0,1,0,0,1,0,0,0,0,1,0,0,0,0,0,0,0,0,0,1,1,0,0,1,0,0,1,0,1,0,0,0,1,1,1,1,0,0,1,1,0,1,0,2,1,0,0,1,0,1,0,0,1,0,2,1,0,0,0,0,1,0,0,0,1,1,1,1,0,1,1,0,0,0,1,2,1,1,0,0,0,0,0,0,1,0,1,0,0,0,0,1,0,1,0,0,0,0,0,1,1,0,0,0,0,0,0,1,0,0,1,0,1,0,0,1,2,0,2,0,0,1,0,1,1,0,0,0,0,0,1,0,0,1,0
rs2910718,1,1,1,2,1,0,2,1,0,0,0,2,1,0,2,0,1,0,0,1,1,2,0,1,2,0,1,1,1,0,1,0,0,1,1,1,1,1,0,0,1,0,2,1,0,2,0,1,1,0,0,1,0,1,0,0,0,0,1,0,1,1,0,1,0,1,1,0,1,1,0,0,0,0,0,0,2,1,1,1,0,1,1,0,0,1,0,1,1,0,0,1,1,1,1,2,1,1,1,0,1,1,2,1,0,1,2,0,1,0,0,1,0,2,1,1,0,1,1,1,0,0,0,1,1,0,1,0,1,1,0,0,0,1,2,1,1,0,0,0,0,0,0,2,1,1,0,0,1,0,1,0,1,0,1,0,0,0,1,1,0,2,0,0,0,0,1,0,0,1,0,1,0,0,1,2,0,2,0,0,0,1,2,1,0,0,0,0,1,1,0,1,1,0
rs2910709,1,1,1,1,0,0,2,1,1,0,0,1,1,0,0,0,1,0,0,1,0,2,0,1,1,1,1,0,1,0,1,0,0,2,0,1,1,1,0,0,0,0,1,2,1,1,1,0,0,0,0,1,1,1,1,1,1,0,1,0,1,1,0,1,0,0,0,0,1,0,1,0,0,1,0,0,1,1,2,1,0,1,2,0,0,1,1,1,0,0,0,2,1,1,1,1,0,1,1,0,1,1,2,1,1,1,2,0,1,0,0,1,0,1,1,0,1,1,0,1,0,0,0,1,1,0,1,0,1,1,1,0,0,1,2,1,2,0,0,0,0,0,2,2,1,1,0,1,0,0,1,0,1,1,0,0,0,1,1,1,0,1,0,0,0,0,1,1,0,1,1,1,0,0,1,2,0,1,0,1,0,2,1,1,0,1,0,0,0,1,0,1,1,0
rs2216711,1,1,1,1,0,0,2,1,0,0,0,0,1,0,0,0,1,0,0,1,0,1,0,0,0,0,1,0,1,0,1,0,0,0,0,1,1,0,0,1,0,0,1,1,0,1,1,0,0,0,0,1,0,0,0,0,0,0,0,0,1,0,0,1,0,0,0,0,0,0,0,0,0,0,0,0,1,0,1,1,0,0,1,0,0,1,0,1,0,0,0,1,1,0,1,1,0,1,1,0,1,0,2,1,0,0,1,0,1,1,0,1,0,1,0,0,0,1,0,1,0,0,0,1,1,0,2,0,1,1,0,0,0,1,2,1,1,0,0,0,0,0,0,1,1,1,0,0,0,1,1,0,1,0,0,0,0,0,1,1,0,1,0,0,0,0,1,0,0,1,0,0,0,0,1,2,0,1,0,0,0,0,1,1,0,0,0,1,0,1,0,0,1,0
rs3096140,1,1,1,1,0,0,2,1,0,1,1,1,1,1,0,0,2,0,1,1,1,2,0,0,0,0,1,0,1,1,1,0,0,1,0,1,1,0,1,1,0,0,1,1,0,1,1,0,0,0,0,1,0,1,0,0,1,0,0,0,2,0,2,1,0,0,0,0,0,0,0,0,0,0,0,0,1,1,1,1,0,0,2,1,0,1,0,1,0,1,0,1,1,0,1,1,0,1,1,0,1,2,2,1,0,0,1,0,1,1,0,2,0,1,0,0,0,1,0,2,0,0,0,1,1,0,2,0,1,1,0,0,0,1,2,1,1,0,1,0,1,1,0,2,1,1,0,0,0,2,1,0,1,1,1,0,0,1,1,1,0,1,0,0,1,0,1,0,0,1,0,1,0,1,2,2,1,1,0,0,0,1,1,1,0,0,0,1,0,1,0,0,1,0
rs378140,0,1,1,0,1,2,0,1,2,1,1,1,1,1,0,0,0,1,1,2,2,0,0,0,0,1,0,1,2,0,0,0,1,0,1,1,1,0,1,2,1,0,2,0,0,1,1,0,2,0,0,2,0,1,1,0,1,0,2,1,0,0,2,0,0,2,1,1,1,1,1,0,1,0,1,0,1,1,0,0,1,1,1,0,2,1,2,1,2,1,1,1,0,1,0,0,1,0,1,1,1,1,0,1,1,0,2,0,1,0,2,1,0,0,2,0,1,1,1,0,0,2,0,0,1,0,0,0,1,0,0,1,1,0,0,1,0,1,1,2,2,0,1,0,0,1,0,1,1,0,1,1,0,1,0,0,0,0,1,1,1,0,1,0,1,1,1,0,0,0,0,1,0,1,0,1,0,0,0,2,1,0,0,0,0,0,1,1,1,0,1,2,1,0
rs432519,0,0,0,0,1,2,0,0,1,0,1,1,1,0,0,0,0,0,1,2,0,0,0,0,0,0,0,0,0,0,0,0,0,0,0,0,0,0,0,2,1,0,1,0,0,1,1,0,1,0,0,1,0,0,0,0,1,0,1,0,0,0,0,0,0,1,0,0,1,0,1,0,0,0,1,0,0,1,0,0,1,0,0,0,1,1,0,1,2,1,0,1,0,0,0,0,1,0,1,0,0,1,0,0,0,0,1,0,0,0,0,1,0,0,2,0,0,1,1,0,0,1,0,0,0,0,0,0,0,0,0,0,0,0,0,0,0,1,0,1,2,0,0,0,0,0,0,0,1,0,1,0,0,0,0,0,0,0,0,0,0,0,0,0,1,1,1,0,0,0,0,1,0,1,0,0,0,0,0,0,0,0,0,0,0,0,0,0,0,0,0,1,1,0
rs446886,1,1,1,1,1,1,1,0,0,1,0,1,0,1,1,0,0,0,0,0,1,1,0,1,2,1,1,0,1,2,2,1,0,0,1,0,1,1,0,1,0,1,1,1,2,0,0,1,1,1,1,2,0,1,1,0,0,1,1,0,1,0,0,1,1,0,0,1,0,1,1,0,0,1,0,2,1,0,0,1,1,1,0,1,1,0,0,1,0,2,1,1,1,0,0,0,0,1,0,1,0,1,1,1,0,0,0,0,2,0,1,0,0,1,0,1,1,0,1,0,0,1,2,0,0,1,1,0,1,1,0,1,1,1,1,0,0,0,1,0,0,0,1,1,1,0,0,0,0,1,2,1,2,1,0,0,0,0,1,1,0,2,2,1,0,0,0,0,1,1,0,1,1,1,0,1,1,1,0,0,1,0,0,2,0,1,0,1,1,1,0,1,1,1
rs6957858,0,0,0,0,0,0,0,0,0,0,0,0,0,1,1,0,0,0,0,0,1,1,0,0,0,0,1,0,0,2,2,1,0,0,1,0,0,1,0,0,0,1,0,1,0,0,0,0,0,1,1,0,0,0,0,0,0,0,0,0,1,1,0,1,0,0,0,0,0,0,1,0,0,1,0,0,1,0,0,0,0,1,0,1,0,0,0,1,0,1,1,1,1,0,0,0,0,0,0,1,0,0,1,0,0,0,0,0,1,0,0,0,0,1,0,0,0,0,1,0,0,0,1,0,0,0,0,0,0,0,0,0,1,0,0,0,0,0,0,0,0,0,0,0,0,0,0,1,0,0,0,1,1,1,0,0,0,0,1,1,0,0,2,0,0,0,0,0,0,1,0,0,1,0,0,1,1,0,0,0,1,0,0,2,0,1,0,0,1,1,0,0,0,0
rs2108726,0,1,1,1,1,1,1,0,0,1,0,1,0,1,1,1,0,0,0,0,1,1,0,1,1,0,1,0,0,2,2,1,0,0,1,1,1,1,0,1,0,1,1,1,2,0,1,1,1,1,1,1,0,1,1,0,0,0,1,0,1,1,0,1,0,0,0,0,0,1,1,0,0,1,1,0,1,0,1,1,1,1,0,1,1,1,0,1,0,1,1,1,1,0,0,0,0,1,0,1,0,1,1,0,0,0,0,0,1,0,0,0,0,1,1,0,1,0,1,0,0,1,2,0,0,1,0,0,1,1,0,1,1,1,1,0,0,0,1,0,0,0,1,1,1,0,1,2,0,1,2,1,2,1,0,0,0,0,1,1,0,2,2,0,0,0,0,0,1,1,0,0,1,1,0,1,1,0,0,0,1,0,0,2,0,1,0,1,1,1,1,1,0,0
rs11761588,1,1,1,1,0,1,1,1,0,0,1,0,0,1,1,0,0,0,0,0,1,1,2,1,1,0,1,0,0,2,1,1,1,0,1,0,1,1,0,0,0,1,1,1,2,1,0,1,1,2,1,0,0,1,1,0,0,0,0,1,1,1,0,1,1,0,0,0,0,0,1,0,0,1,0,0,0,1,1,1,1,0,1,1,0,1,0,1,0,1,1,1,1,0,0,1,0,1,0,0,1,1,1,0,0,0,1,0,1,0,0,0,0,1,2,0,1,0,2,1,0,1,2,0,0,1,0,0,1,1,0,2,1,0,1,0,0,0,1,0,0,0,1,1,1,1,1,0,0,1,1,1,2,1,0,0,1,1,1,1,0,1,2,0,0,0,1,0,1,1,0,1,1,0,1,1,1,0,0,0,1,0,0,2,0,1,0,1,1,1,0,1,0,1
rs2961294,2,1,1,0,1,2,1,0,1,0,1,0,1,2,0,0,0,2,0,0,1,1,1,1,0,2,1,1,0,2,0,1,1,1,0,1,1,1,1,0,1,0,2,1,0,1,0,1,1,0,2,1,2,0,0,1,1,1,1,0,2,1,2,1,0,1,2,2,2,1,1,0,2,2,0,0,1,0,1,2,1,1,1,1,0,1,0,1,0,1,1,0,1,0,1,0,1,1,1,0,0,0,1,0,0,1,1,0,1,1,0,0,1,0,1,0,1,2,0,1,0,0,1,0,1,0,0,1,1,0,1,0,1,2,1,0,1,0,0,1,1,0,0,0,1,0,1,1,1,1,0,1,1,0,1,1,2,1,1,0,1,2,2,2,0,1,1,1,0,0,1,2,0,1,2,0,2,2,1,1,1,1,1,0,0,1,2,1,1,2,1,0,0,1
rs1989838,2,0,1,0,1,2,1,0,1,0,1,0,1,2,0,0,0,2,0,0,1,1,1,0,0,1,0,0,0,2,0,1,0,1,0,1,1,1,0,0,1,0,1,1,0,1,0,1,1,0,1,0,2,0,0,1,1,0,1,0,1,1,2,0,0,1,2,2,2,1,1,0,2,1,0,0,0,0,1,1,1,1,1,1,0,1,0,1,0,1,1,0,1,0,0,0,1,1,1,0,0,0,0,0,0,1,0,0,0,1,0,0,1,0,1,0,1,2,0,1,0,0,1,0,1,0,0,1,1,0,0,0,1,2,0,0,1,0,0,1,1,0,0,0,1,0,0,1,0,1,0,1,0,0,0,0,2,0,0,0,1,2,2,2,0,0,1,1,0,1,0,2,0,1,1,0,2,2,1,1,0,0,0,0,0,0,1,0,0,0,0,0,0,1
rs2905325,0,0,0,0,0,1,0,0,0,0,0,0,0,0,0,0,0,1,0,0,1,0,0,0,0,0,1,0,0,0,0,0,0,0,0,0,0,0,0,0,1,0,0,0,0,0,0,0,0,0,0,0,0,0,0,0,1,0,0,0,0,0,0,0,0,0,0,0,0,0,0,0,0,0,0,0,0,0,0,0,0,0,0,0,0,0,1,0,0,0,0,0,0,0,0,0,0,0,1,0,0,0,0,0,0,0,0,0,0,0,0,0,0,0,1,0,1,0,0,0,0,0,0,0,1,0,0,0,0,0,0,0,0,0,0,1,0,0,0,0,1,0,0,0,0,0,1,0,0,0,0,0,0,0,0,0,0,0,0,0,0,0,0,0,0,0,0,0,0,0,0,0,0,0,1,0,0,1,0,0,0,0,0,0,0,0,1,0,0,0,1,0,0,0
rs1476482,0,0,0,0,0,1,0,0,0,0,0,0,0,0,0,0,0,1,0,0,1,0,0,0,0,0,1,0,0,0,0,0,0,0,0,0,0,0,0,0,1,0,0,0,0,0,0,0,0,0,0,1,0,0,0,0,1,0,0,0,0,0,0,0,0,0,0,0,0,0,0,0,0,0,0,0,0,0,0,0,0,0,0,0,0,0,1,0,0,0,0,0,0,0,0,0,0,0,1,0,0,0,0,0,0,0,0,0,0,0,0,0,1,0,1,0,1,0,0,0,0,0,0,0,1,0,0,0,0,0,0,0,0,0,0,1,0,0,0,0,1,0,0,0,0,0,1,0,0,0,0,0,0,0,0,0,0,0,0,0,0,0,0,0,0,0,0,0,0,0,0,0,0,0,1,0,0,1,0,0,0,0,0,0,0,0,1,0,0,0,1,0,0,0
rs10275560,1,0,2,1,1,0,1,2,2,2,0,1,0,1,1,2,0,2,1,0,0,1,0,1,0,0,0,0,1,0,2,1,0,0,0,1,0,1,0,1,1,1,0,1,1,1,0,1,1,1,0,1,2,0,0,1,0,1,2,1,1,1,1,0,0,0,0,0,0,1,1,1,2,0,2,1,0,0,0,1,0,0,2,2,2,0,0,2,0,1,1,0,0,0,0,0,1,1,0,2,1,0,1,1,1,1,1,0,0,0,0,0,0,1,0,1,1,0,0,0,0,0,1,1,1,0,0,2,1,0,0,1,0,0,0,0,0,2,1,1,1,1,1,1,0,1,0,0,1,0,1,1,1,0,0,0,0,0,2,1,0,1,1,0,1,0,0,0,1,1,1,0,1,0,2,0,0,1,1,1,1,2,0,0,0,1,1,0,1,0,0,0,0,1
rs39425,0,0,0,0,0,0,0,0,0,0,0,0,0,0,0,0,1,0,1,0,0,0,0,0,0,0,1,1,0,1,0,0,0,0,0,0,0,1,1,0,0,0,0,0,0,0,0,0,0,0,1,0,0,0,0,0,1,0,0,1,0,0,0,0,0,0,0,0,1,0,0,0,0,0,0,1,1,0,0,0,0,1,0,0,0,0,0,0,0,0,0,1,1,0,0,0,0,0,1,0,1,1,0,0,0,0,0,0,0,0,0,0,0,0,0,0,0,0,0,0,0,0,0,0,0,0,0,0,1,0,0,0,0,0,0,0,0,0,0,0,0,0,2,0,0,0,1,0,0,0,0,0,0,0,0,1,0,1,0,0,0,0,0,0,0,1,0,1,0,0,0,0,1,0,0,0,0,0,0,0,1,0,0,0,1,0,0,0,0,0,0,0,1,0
rs39431,0,1,0,2,1,1,2,0,0,0,0,0,2,1,0,0,2,0,1,1,1,1,2,1,0,2,1,2,1,1,2,0,1,1,2,1,2,1,1,1,1,0,0,1,2,0,2,0,1,1,1,0,0,1,1,2,2,1,1,1,2,0,1,0,0,0,1,1,2,1,2,0,0,1,1,2,1,0,1,1,0,1,1,0,1,1,0,1,0,1,0,0,2,1,0,1,0,0,2,0,1,1,0,1,0,0,1,1,2,1,1,1,0,0,0,1,0,0,2,0,1,0,0,1,1,1,1,1,2,1,1,0,0,1,1,1,0,0,1,0,1,1,2,0,0,1,1,1,1,1,0,2,1,1,1,1,1,2,1,0,1,1,2,0,0,2,1,1,2,0,2,0,2,2,0,1,0,1,0,1,1,1,1,0,2,1,2,2,1,2,0,2,2,0
rs39438,0,0,1,1,0,0,0,0,0,0,0,0,0,0,0,0,1,0,0,0,0,0,0,0,0,0,1,1,0,1,0,0,0,0,0,0,0,0,1,0,0,0,0,0,1,0,0,1,0,0,1,0,1,0,0,0,1,1,0,1,0,0,0,0,0,0,0,0,0,1,1,0,0,0,0,2,2,0,0,1,0,1,0,0,1,1,1,0,0,0,1,0,0,0,0,0,0,0,1,0,2,0,1,0,0,0,0,0,0,0,0,0,0,0,1,1,0,0,1,0,0,0,0,1,0,0,0,0,1,0,0,0,0,1,0,0,1,1,0,0,0,0,1,1,0,1,1,1,0,0,1,0,0,0,0,1,0,1,1,0,0,0,0,0,0,1,0,0,0,0,0,0,1,0,1,0,0,0,1,1,1,1,0,0,1,0,0,0,1,0,0,0,2,0
rs39446,0,0,1,1,0,0,0,0,0,0,0,0,0,0,0,0,1,0,0,0,0,0,0,0,0,0,1,1,0,1,0,0,0,0,0,0,0,0,1,0,0,0,0,0,1,0,0,1,0,0,1,0,1,0,0,0,1,1,0,1,0,0,0,0,0,0,0,0,0,1,1,0,0,0,0,2,2,0,0,1,0,1,0,0,1,1,1,0,0,0,1,1,0,0,0,0,0,0,1,0,2,0,1,0,0,0,0,0,0,0,0,0,0,0,1,1,0,0,1,0,0,0,0,1,0,0,0,0,1,0,0,0,0,0,0,0,1,1,0,0,0,0,1,1,0,1,1,1,0,0,1,0,0,0,0,1,0,1,1,0,0,0,0,0,0,1,0,0,0,0,0,0,1,0,1,0,0,0,1,1,1,1,0,0,1,0,0,0,1,0,0,0,2,0
rs4737206,2,0,1,1,1,0,0,1,0,0,0,0,1,0,0,0,1,0,1,1,0,1,1,0,0,0,1,1,0,0,0,0,0,0,0,0,0,0,0,2,0,1,0,0,1,0,1,0,0,1,0,1,0,1,0,1,1,0,1,0,0,1,1,1,0,0,0,0,1,1,0,0,0,1,0,0,1,1,1,0,0,1,1,0,0,1,0,0,1,0,0,0,0,2,1,1,1,0,0,1,1,0,0,1,0,1,0,0,0,0,0,1,1,1,0,0,0,0,1,2,0,0,0,1,1,0,0,1,1,1,2,0,0,1,1,0,0,1,1,1,2,1,0,1,1,0,0,0,1,0,2,0,1,0,1,0,1,0,0,0,0,0,0,1,1,1,1,0,0,1,0,1,0,0,0,0,0,0,0,0,1,0,1,0,1,1,0,0,1,0,0,1,0,0
rs10099098,0,0,1,1,1,1,1,0,1,0,0,1,1,0,0,0,2,0,0,0,1,0,1,2,2,1,1,0,0,1,0,1,0,1,0,0,0,1,0,1,0,1,0,1,1,1,1,0,1,0,0,0,0,0,0,1,1,1,1,1,0,0,0,1,1,1,0,1,0,0,0,0,0,0,0,1,0,2,0,1,0,1,0,0,1,0,1,0,0,0,0,2,0,1,1,2,0,0,0,0,1,0,1,0,0,1,0,0,0,1,2,0,1,1,2,1,0,1,0,1,1,2,0,1,0,1,1,0,1,0,0,0,2,1,0,0,0,0,0,0,0,1,2,0,1,0,0,0,0,2,1,0,1,1,1,0,0,1,1,0,1,0,1,1,0,0,2,1,0,0,1,0,0,0,0,2,2,1,0,0,0,0,1,0,0,1,2,0,0,1,0,0,0,0
rs4236939,0,0,1,1,0,1,0,1,1,1,0,0,1,0,0,0,0,0,1,0,1,0,1,0,0,0,0,0,1,1,0,0,0,1,0,0,0,1,0,0,0,0,0,0,1,0,0,0,0,0,0,1,1,0,0,0,1,0,1,0,0,0,0,1,0,0,1,0,0,0,0,1,0,0,0,1,0,1,0,0,0,1,0,0,0,0,1,0,0,0,0,0,0,1,1,0,0,0,0,0,1,0,1,0,0,0,0,1,1,1,0,0,1,1,1,0,0,0,0,0,0,0,0,0,0,0,1,0,0,0,0,0,0,0,0,0,0,0,0,0,0,0,0,0,0,0,0,0,0,0,1,0,1,0,0,0,0,0,0,0,1,0,0,0,0,0,1,1,0,0,0,0,1,0,0,0,1,0,0,0,0,0,0,0,0,0,0,0,0,0,0,0,0,0
rs7017178,0,0,1,1,0,1,0,0,1,0,0,0,1,0,0,0,0,0,0,0,1,0,1,0,0,0,0,0,1,1,0,0,0,1,0,0,0,1,0,0,0,0,0,0,1,0,0,0,0,0,0,1,0,0,0,0,0,0,0,0,0,0,0,1,0,0,0,0,0,0,0,1,0,0,0,1,0,1,0,0,0,1,0,0,0,0,1,0,0,0,0,0,0,1,1,0,0,0,0,0,1,0,0,0,0,0,0,1,0,1,0,0,1,1,1,0,0,0,0,0,0,0,0,0,0,0,1,0,0,0,0,0,0,0,0,0,0,0,0,0,0,0,0,0,0,0,0,0,0,0,1,0,1,0,0,0,0,0,0,0,1,0,0,0,0,0,1,1,0,0,0,0,0,0,0,0,1,0,0,0,0,0,0,0,0,0,0,0,0,0,0,0,0,0
rs7815138,1,0,1,2,2,0,0,1,1,0,0,1,1,0,0,0,0,0,0,0,1,0,1,1,2,0,0,0,0,0,0,1,0,0,0,0,0,2,1,1,0,2,0,1,1,1,1,0,1,1,0,0,0,2,0,1,1,0,1,1,0,1,1,1,1,0,0,1,0,0,1,0,0,0,0,0,0,2,0,1,0,1,0,0,0,0,1,0,1,0,0,2,0,1,1,1,0,0,0,0,1,0,1,0,1,0,0,0,0,1,1,1,1,1,1,0,1,1,1,1,0,1,0,0,0,2,0,0,1,0,0,0,1,1,0,0,0,0,0,1,0,2,2,1,1,0,0,0,0,0,0,0,1,0,1,0,1,1,0,1,0,0,0,1,0,0,1,1,0,0,1,1,1,0,0,2,2,1,1,0,0,0,0,0,1,1,2,1,0,0,0,0,0,0
rs1877829,1,0,0,1,2,0,1,1,0,0,0,1,1,0,0,0,1,0,0,0,0,0,1,0,1,0,0,0,0,0,0,1,0,0,0,0,0,1,1,1,0,1,0,1,0,1,0,0,1,1,0,0,0,2,0,1,1,0,1,0,0,1,1,1,1,0,0,1,0,0,0,0,0,0,0,1,0,1,0,0,0,2,0,0,0,0,1,0,1,0,0,1,0,0,2,0,0,0,0,0,1,0,1,0,1,0,0,0,0,0,1,1,0,0,1,0,1,0,1,1,0,1,0,0,0,1,0,0,1,0,0,0,2,0,0,0,0,0,0,1,0,1,2,0,1,0,0,0,0,1,1,1,1,0,1,0,1,1,0,1,0,0,0,1,0,0,2,0,0,0,1,1,1,0,0,2,2,1,1,0,0,0,0,0,1,0,1,0,0,0,0,0,0,0
rs2221222,0,0,1,0,0,1,0,1,1,0,0,0,0,1,0,0,0,1,0,1,0,0,1,0,1,0,0,1,1,1,2,0,0,1,0,0,0,0,0,1,0,2,1,1,0,1,0,1,0,1,1,0,0,0,1,1,1,0,0,1,1,0,1,0,2,0,0,0,1,0,0,0,1,0,0,1,1,1,0,0,0,1,1,0,0,0,2,1,2,0,1,0,0,0,1,0,1,0,0,2,0,0,1,1,0,0,0,0,0,0,0,1,1,0,1,1,2,1,0,0,0,1,1,1,1,0,1,1,1,0,1,0,0,1,1,1,0,1,0,0,0,1,1,0,2,1,0,0,2,0,1,0,0,1,0,2,0,0,1,0,0,0,1,0,0,1,1,1,0,0,0,0,0,1,1,0,2,1,2,0,1,1,0,1,1,0,0,0,0,0,0,0,1,1
rs6471533,0,1,1,0,2,1,0,1,1,0,0,1,0,1,1,0,0,1,0,1,0,0,1,1,1,0,0,2,1,1,2,0,0,1,1,1,0,0,1,1,0,2,1,1,1,2,0,1,0,2,1,0,1,1,2,1,1,0,0,1,2,2,2,0,2,0,0,0,2,0,0,1,1,0,0,1,1,1,0,0,0,1,1,2,0,0,2,1,2,0,1,0,0,0,1,0,1,0,1,2,1,0,1,1,0,1,0,0,1,0,0,1,1,1,1,2,2,1,0,0,1,1,1,1,1,0,1,1,1,0,1,1,2,1,1,1,1,1,1,0,0,1,1,0,2,1,0,0,2,0,2,1,0,1,0,2,0,1,2,0,1,1,1,0,1,1,1,1,1,0,1,0,0,1,1,0,2,2,2,0,1,1,1,1,1,0,0,1,0,0,0,1,1,1
rs7011044,0,1,1,1,0,0,0,0,1,0,0,0,0,1,0,0,0,1,1,1,1,2,0,0,1,1,0,0,0,0,0,0,1,1,0,0,2,0,1,0,1,1,0,0,0,0,0,1,0,0,0,0,0,0,0,0,1,0,1,1,0,1,0,1,0,0,1,0,0,0,0,0,0,0,0,1,0,0,1,0,0,0,0,1,0,0,0,1,0,0,0,0,0,1,0,0,1,1,0,0,0,1,0,1,1,0,0,0,0,1,0,0,0,1,1,0,0,1,1,0,1,2,0,0,0,0,0,1,0,1,1,1,0,0,1,0,1,1,0,1,0,0,0,1,1,0,0,0,1,1,0,0,1,1,0,0,1,0,0,0,0,1,0,1,1,0,0,0,0,1,1,0,1,0,0,0,0,0,2,1,1,0,0,1,0,0,0,2,1,0,0,0,2,1
rs2318878,1,1,0,0,1,1,0,1,0,0,2,0,0,0,1,0,0,1,0,0,0,2,0,1,2,1,1,0,0,1,0,1,1,0,0,0,1,0,0,1,0,1,0,0,1,0,0,1,1,0,1,0,0,0,0,1,0,0,0,1,0,0,0,1,0,1,0,0,0,1,0,0,0,0,0,1,0,2,0,1,0,2,0,0,1,0,0,1,0,0,0,0,0,0,0,1,1,1,1,0,0,0,1,1,1,0,1,0,1,0,0,1,1,1,1,0,1,1,0,0,0,0,1,0,0,0,0,0,1,0,1,0,0,0,0,0,0,0,0,0,1,1,1,1,0,0,0,0,0,1,0,1,0,0,1,2,0,2,0,0,2,0,1,1,0,0,0,0,0,0,0,1,0,1,1,1,1,1,1,1,0,0,0,0,0,1,0,1,1,0,1,0,0,0
rs2318876,0,0,1,0,0,0,1,1,0,1,0,1,1,0,0,0,2,0,1,0,0,0,0,0,0,0,0,0,1,1,0,1,1,1,1,2,0,0,0,0,1,0,0,0,1,1,0,0,1,1,0,1,0,1,0,0,1,0,1,1,0,1,1,0,2,0,1,0,1,0,1,1,1,2,1,1,0,0,1,0,1,0,1,1,0,1,1,0,1,1,0,1,1,0,1,1,1,0,0,1,1,0,0,0,1,1,0,1,1,1,0,1,1,0,1,1,1,1,1,0,1,1,1,0,1,1,1,1,1,0,0,0,1,1,0,1,0,1,1,1,0,0,0,1,2,2,0,0,0,0,1,1,1,0,0,0,1,0,1,1,0,0,0,1,2,1,1,0,1,1,2,1,2,0,0,1,1,1,1,0,1,2,1,1,0,1,1,0,0,0,0,1,1,1
rs3104965,0,1,0,0,0,0,1,1,1,1,0,1,1,0,0,0,0,0,1,0,0,0,0,0,1,0,0,0,1,0,1,0,1,1,0,0,0,1,0,0,0,0,0,0,0,0,0,0,0,0,0,1,1,1,0,0,0,0,0,0,0,1,1,0,1,0,1,1,0,0,1,1,1,0,0,0,0,0,1,0,0,0,1,0,1,0,0,0,0,0,0,0,0,1,0,0,1,0,0,0,0,0,1,0,1,0,1,1,0,0,0,1,1,0,0,1,0,0,1,0,0,0,0,0,0,0,0,0,1,0,0,0,1,1,0,0,0,1,1,0,0,0,1,0,0,0,0,0,0,0,0,1,0,0,0,0,0,0,1,1,1,0,0,0,1,1,0,1,0,0,1,0,1,0,0,0,0,1,0,1,1,0,0,0,0,0,0,0,0,0,0,0,0,0
rs2873824,2,1,0,0,0,0,0,0,1,0,0,0,1,1,1,2,0,0,1,0,0,0,2,1,0,0,2,0,0,0,0,1,0,0,0,0,0,0,0,1,0,0,1,1,0,0,0,2,0,0,1,2,1,1,0,0,0,0,2,0,1,1,0,0,1,1,0,2,0,1,0,1,1,0,0,0,0,1,0,1,1,1,1,1,1,0,1,1,2,0,1,0,0,0,1,0,0,1,2,1,0,0,0,1,0,0,0,0,0,0,0,1,1,0,0,1,0,0,0,0,1,0,0,1,0,0,0,0,2,0,1,0,0,0,0,0,0,0,1,0,1,1,1,0,0,0,1,0,0,1,0,0,0,0,0,1,0,0,0,1,0,0,0,0,0,0,1,1,0,0,1,0,1,0,0,0,0,0,0,0,0,0,0,0,1,0,0,0,0,1,0,0,0,0
rs4524756,0,1,1,2,0,0,0,2,0,1,0,1,1,0,0,0,1,1,0,0,1,0,0,0,1,1,0,1,2,1,2,0,1,1,2,1,1,0,0,0,0,0,0,0,0,0,1,0,1,2,1,0,1,1,0,2,2,1,0,0,1,0,2,0,1,0,2,0,0,0,1,1,1,2,1,0,1,0,2,0,1,1,0,0,0,0,1,1,0,2,1,1,1,0,1,2,2,0,0,1,1,2,1,1,0,1,1,1,1,1,1,1,0,0,1,0,2,1,1,1,1,1,1,1,0,1,1,1,0,2,0,1,1,0,1,2,2,1,1,2,0,0,0,0,1,2,0,0,1,1,2,1,2,1,1,0,2,2,2,1,1,1,2,1,1,0,1,0,0,1,1,1,1,0,2,2,2,0,1,0,1,1,1,1,0,2,1,2,0,0,1,1,0,1
