Subgraph_1,rs991108,rs7220419,rs2001381,rs417968,rs1635291,rs7224296,rs415430,rs378140,rs432519,rs446886,rs6957858,rs2108726,rs11761588,rs2199503,rs334543,rs1488763,rs1488762,rs11929146,rs1147683,rs1733354,rs1147695,rs2835228,rs2226827,rs2835286,rs2239567,rs1982632
Subgraph_2,rs2221222,rs6471533,rs7011044,rs2318878,rs2318876,rs3104965,rs2873824,rs4524756,,,,,,,,,,,,,,,,,,
Subgraph_3,rs1816466,rs2571151,rs2734459,rs2734456,rs2734453,rs3851182,rs10792839,rs2374721,rs10792845,rs10792847,rs292092,rs292109,rs7105671,rs2571104,rs1816466,rs2571151,rs2734459,rs2734456,rs2734453,rs919276,rs8101336,rs4802740,rs7248759,rs7253017,rs1465557,rs3851179
Subgraph_4,rs1965869,rs11097200,rs11735482,rs2609255,rs4737206,rs10099098,rs4236939,rs7017178,rs7815138,rs1877829,rs11126836,rs1866561,,,,,,,,,,,,,,
Subgraph_5,rs7539455,rs6687381,rs4846028,rs12095517,rs4073574,rs4845875,rs4845877,rs4845881,rs4846048,rs6541003,,,,,,,,,,,,,,,,
Subgraph_6,rs2961294,rs1989838,rs2905325,rs1476482,,,,,,,,,,,,,,,,,,,,,,
Subgraph_7,rs7141,rs307627,rs11656201,rs4233018,rs7213894,rs4791806,rs2278637,,,,,,,,,,,,,,,,,,,
Subgraph_8,rs4400034,rs4241780,rs4862251,rs10028767,rs4568278,rs10275560,rs39425,rs39431,rs39438,rs39446,,,,,,,,,,,,,,,,
Subgraph_9,rs4632239,rs8091665,rs12327472,rs4941343,rs17074957,rs11151202,rs2012927,rs2156058,rs1019496,rs2910718,rs2910709,rs2216711,rs3096140,,,,,,,,,,,,,
Subgraph_10,rs919479,rs2564872,rs2518369,rs2564881,rs4937257,rs7555638,rs2793289,rs1778541,,,,,,,,,,,,,,,,,,
Subgraph_11,rs1673130,rs9749171,rs11883054,rs8113341,rs1551570,rs2305795,rs4804570,,,,,,,,,,,,,,,,,,,
Subgraph_12,rs7161071,rs4906445,rs11160804,,,,,,,,,,,,,,,,,,,,,,,
Subgraph_13,rs2619756,rs7737438,rs6882940,,,,,,,,,,,,,,,,,,,,,,,
Subgraph_14,rs4922511,rs7093975,rs2853838,rs2853840,rs878263,rs12414155,rs9421742,rs4075854,,,,,,,,,,,,,,,,,,
Subgraph_15,rs2671272,rs2740170,rs360097,rs360102,rs10915924,rs6701318,rs10915958,rs3008192,,,,,,,,,,,,,,,,,,
